Date,Company,Country,Sector,Stock Price,Revenue,Profit,Expenses,Total Revenue,Total Profit,Average Profit,MonthNumber,MonthName,Year
2020-01-06,Google,UK,Tech,101.94,87368.45,25966.79,61401.66,87368.45,25966.79,25966.79,1,2020-Jan,2020
2020-01-07,Amazon,Canada,Tech,142.62,105063.3,17945.65,87117.65,105063.3,17945.65,17945.65,1,2020-Jan,2020
2020-01-08,Amazon,USA,Tech,124.7,116406.88,34540.71,81866.17,116406.88,34540.71,34540.71,1,2020-Jan,2020
2020-01-09,Amazon,India,Retail,215.13,99327.75,23703.81,75623.94,99327.75,23703.81,23703.81,1,2020-Jan,2020
2020-01-10,Microsoft,Canada,Tech,144.72,109094.82,12235.12,96859.7,109094.82,12235.12,12235.12,1,2020-Jan,2020
2020-01-11,Tesla,USA,Retail,153.7,89671.41,16553.23,73118.18,89671.41,16553.23,16553.23,1,2020-Jan,2020
2020-01-12,Amazon,Germany,Finance,166.54,96070.67,28632.32,67438.35,96070.67,28632.32,28632.32,1,2020-Jan,2020
2020-01-13,Microsoft,UK,Finance,151.31,95882.81,25349.75,70533.06,95882.81,25349.75,25349.75,1,2020-Jan,2020
2020-01-14,Google,USA,Tech,200.85,85068.43,6324.13,78744.3,85068.43,6324.13,6324.13,1,2020-Jan,2020
2020-01-15,Tesla,Germany,Retail,131.32,96464.52,21858.18,74606.34,96464.52,21858.18,21858.18,1,2020-Jan,2020
2020-01-16,Google,USA,Finance,155.84,69027.63,9415.02,59612.61,69027.63,9415.02,9415.02,1,2020-Jan,2020
2020-01-17,Tesla,UK,Retail,127.73,90176.93,4666.26,85510.67,90176.93,4666.26,4666.26,1,2020-Jan,2020
2020-01-18,Microsoft,UK,Retail,110.4,94302.49,14227.44,80075.05,94302.49,14227.44,14227.44,1,2020-Jan,2020
2020-01-19,Apple,Canada,Tech,131.65,94876.4,10311.98,84564.42,94876.4,10311.98,10311.98,1,2020-Jan,2020
2020-01-20,Tesla,India,Finance,148.89,95170.05,24241.46,70928.59,95170.05,24241.46,24241.46,1,2020-Jan,2020
2020-01-21,Google,USA,Tech,137.12,98764.72,13267.33,85497.39,98764.72,13267.33,13267.33,1,2020-Jan,2020
2020-01-22,Microsoft,USA,Tech,129.23,109588.83,28151.28,81437.55,109588.83,28151.28,28151.28,1,2020-Jan,2020
2020-01-23,Tesla,Germany,Finance,107.81,117490.34,5892.08,111598.26,117490.34,5892.08,5892.08,1,2020-Jan,2020
2020-01-24,Apple,UK,Finance,147.51,87004.7,11045.66,75959.04,87004.7,11045.66,11045.66,1,2020-Jan,2020
2020-01-25,Apple,USA,Retail,104.86,75935.98,8375.08,67560.9,75935.98,8375.08,8375.08,1,2020-Jan,2020
2020-01-26,Amazon,UK,Finance,172.8,79159.11,8580.2,70578.91,79159.11,8580.2,8580.2,1,2020-Jan,2020
2020-01-27,Amazon,USA,Retail,152.47,90255.94,6051.36,84204.58,90255.94,6051.36,6051.36,1,2020-Jan,2020
2020-01-28,Google,Canada,Retail,106.27,92961.57,8996.92,83964.65,92961.57,8996.92,8996.92,1,2020-Jan,2020
2020-01-29,Tesla,India,Retail,140.72,84600.08,15979.89,68620.19,84600.08,15979.89,15979.89,1,2020-Jan,2020
2020-01-30,Tesla,USA,Finance,127.44,74077.67,9099.72,64977.95,74077.67,9099.72,9099.72,1,2020-Jan,2020
2020-01-31,Amazon,UK,Tech,159.58,90877.58,14026.84,76850.74,90877.58,14026.84,14026.84,1,2020-Jan,2020
2020-02-01,Tesla,Canada,Retail,190.21,103628.53,14944.97,88683.56,103628.53,14944.97,14944.97,2,2020-Feb,2020
2020-02-02,Tesla,USA,Tech,93.74,111900.59,30098.6,81801.99,111900.59,30098.6,30098.6,2,2020-Feb,2020
2020-02-04,Amazon,India,Finance,145.2,91740.04,15892.98,75847.06,91740.04,15892.98,15892.98,2,2020-Feb,2020
2020-02-05,Microsoft,USA,Tech,170.14,81466.03,10797.43,70668.6,81466.03,10797.43,10797.43,2,2020-Feb,2020
2020-02-06,Amazon,Canada,Tech,156.4,99371.22,7621.79,91749.43,99371.22,7621.79,7621.79,2,2020-Feb,2020
2020-02-07,Microsoft,Germany,Finance,127.44,83031.43,23942.17,59089.26,83031.43,23942.17,23942.17,2,2020-Feb,2020
2020-02-08,Apple,Canada,Retail,140.43,111462.56,7251.39,104211.17,111462.56,7251.39,7251.39,2,2020-Feb,2020
2020-02-09,Google,Canada,Tech,126.12,64282.67,7997.57,56285.1,64282.67,7997.57,7997.57,2,2020-Feb,2020
2020-02-10,Tesla,Germany,Finance,182.28,92807.41,11556.06,81251.35,92807.41,11556.06,11556.06,2,2020-Feb,2020
2020-02-11,Apple,Canada,Tech,150.64,106022.15,13793.52,92228.63,106022.15,13793.52,13793.52,2,2020-Feb,2020
2020-02-12,Tesla,Germany,Tech,207.04,103676.69,9442.01,94234.68,103676.69,9442.01,9442.01,2,2020-Feb,2020
2020-02-13,Google,USA,Retail,148.18,153860.67,37817.47,116043.2,153860.67,37817.47,37817.47,2,2020-Feb,2020
2020-02-15,Apple,Germany,Finance,104.59,79918.91,16681.21,63237.7,79918.91,16681.21,16681.21,2,2020-Feb,2020
2020-02-16,Google,India,Tech,95.91,98090.72,7941.57,90149.15,98090.72,7941.57,7941.57,2,2020-Feb,2020
2020-02-17,Microsoft,Germany,Retail,102.48,64475.07,4360.7,60114.37,64475.07,4360.7,4360.7,2,2020-Feb,2020
2020-02-18,Google,Germany,Retail,158.01,98388.01,27288.64,71099.37,98388.01,27288.64,27288.64,2,2020-Feb,2020
2020-02-19,Tesla,USA,Finance,165.26,83338.88,8128.22,75210.66,83338.88,8128.22,8128.22,2,2020-Feb,2020
2020-02-20,Tesla,India,Retail,102.56,118307.81,30205.47,88102.34,118307.81,30205.47,30205.47,2,2020-Feb,2020
2020-02-21,Tesla,UK,Tech,176.85,89009.19,16569.75,72439.44,89009.19,16569.75,16569.75,2,2020-Feb,2020
2020-02-22,Tesla,USA,Retail,135.51,97664.68,6784.19,90880.49,97664.68,6784.19,6784.19,2,2020-Feb,2020
2020-02-23,Microsoft,USA,Finance,154.4,87288.84,25214.43,62074.41,87288.84,25214.43,25214.43,2,2020-Feb,2020
2020-02-24,Amazon,UK,Retail,198.37,134777.03,15060.02,119717.01,134777.03,15060.02,15060.02,2,2020-Feb,2020
2020-02-25,Apple,Germany,Retail,176.91,93575.14,24789.12,68786.02,93575.14,24789.12,24789.12,2,2020-Feb,2020
2020-02-26,Tesla,Canada,Retail,141.94,136651.14,12599.58,124051.56,136651.14,12599.58,12599.58,2,2020-Feb,2020
2020-02-27,Google,India,Finance,123.26,116283.04,30638.92,85644.12,116283.04,30638.92,30638.92,2,2020-Feb,2020
2020-02-28,Tesla,Canada,Retail,85.45,109641.33,5844.67,103796.66,109641.33,5844.67,5844.67,2,2020-Feb,2020
2020-02-29,Google,UK,Retail,128.43,107374.66,19106.8,88267.86,107374.66,19106.8,19106.8,2,2020-Feb,2020
2020-03-02,Tesla,USA,Finance,120.38,61446.55,17432.32,44014.23,61446.55,17432.32,17432.32,3,2020-Mar,2020
2020-03-03,Microsoft,India,Retail,146.06,94422.33,26183.36,68238.97,94422.33,26183.36,26183.36,3,2020-Mar,2020
2020-03-04,Google,USA,Finance,152.31,116903.16,29799.34,87103.82,116903.16,29799.34,29799.34,3,2020-Mar,2020
2020-03-05,Google,USA,Retail,143.25,99022.06,26938.74,72083.32,99022.06,26938.74,26938.74,3,2020-Mar,2020
2020-03-06,Tesla,India,Retail,130.5,71896.2,7175.59,64720.61,71896.2,7175.59,7175.59,3,2020-Mar,2020
2020-03-07,Google,India,Retail,155.06,98951.91,11977.74,86974.17,98951.91,11977.74,11977.74,3,2020-Mar,2020
2020-03-09,Tesla,USA,Tech,117.29,124937.83,18023.97,106913.86,124937.83,18023.97,18023.97,3,2020-Mar,2020
2020-03-10,Tesla,USA,Tech,192.33,98759.92,14649.08,84110.84,98759.92,14649.08,14649.08,3,2020-Mar,2020
2020-03-11,Apple,UK,Finance,147.04,119028.99,22155.92,96873.07,119028.99,22155.92,22155.92,3,2020-Mar,2020
2020-03-12,Microsoft,Germany,Finance,150.57,92669.86,8337.5,84332.36,92669.86,8337.5,8337.5,3,2020-Mar,2020
2020-03-13,Microsoft,Germany,Tech,171.25,65922.57,14688.32,51234.25,65922.57,14688.32,14688.32,3,2020-Mar,2020
2020-03-14,Google,Germany,Finance,157.0,81510.68,7490.15,74020.53,81510.68,7490.15,7490.15,3,2020-Mar,2020
2020-03-15,Microsoft,UK,Retail,178.59,131257.78,16745.49,114512.29,131257.78,16745.49,16745.49,3,2020-Mar,2020
2020-03-16,Google,USA,Retail,158.61,94520.14,16620.07,77900.07,94520.14,16620.07,16620.07,3,2020-Mar,2020
2020-03-17,Apple,UK,Retail,131.63,95132.32,23698.43,71433.89,95132.32,23698.43,23698.43,3,2020-Mar,2020
2020-03-18,Tesla,UK,Tech,160.85,94003.24,22078.29,71924.95,94003.24,22078.29,22078.29,3,2020-Mar,2020
2020-03-19,Tesla,Germany,Finance,115.69,138082.73,29188.42,108894.31,138082.73,29188.42,29188.42,3,2020-Mar,2020
2020-03-20,Tesla,Canada,Tech,153.26,132519.18,11786.7,120732.48,132519.18,11786.7,11786.7,3,2020-Mar,2020
2020-03-21,Microsoft,USA,Finance,149.0,144375.6,26963.78,117411.82,144375.6,26963.78,26963.78,3,2020-Mar,2020
2020-03-22,Apple,Germany,Retail,143.76,96819.1,6957.58,89861.52,96819.1,6957.58,6957.58,3,2020-Mar,2020
2020-03-23,Microsoft,Canada,Tech,146.14,105912.49,15287.49,90625.0,105912.49,15287.49,15287.49,3,2020-Mar,2020
2020-03-24,Microsoft,Canada,Finance,93.54,69667.15,10685.49,58981.66,69667.15,10685.49,10685.49,3,2020-Mar,2020
2020-03-25,Apple,India,Finance,133.54,129538.69,7766.21,121772.48,129538.69,7766.21,7766.21,3,2020-Mar,2020
2020-03-26,Apple,USA,Retail,152.79,76644.41,9082.13,67562.28,76644.41,9082.13,9082.13,3,2020-Mar,2020
2020-03-27,Apple,Canada,Tech,154.8,104335.51,30143.82,74191.69,104335.51,30143.82,30143.82,3,2020-Mar,2020
2020-03-29,Tesla,India,Tech,187.97,88222.66,12181.94,76040.72,88222.66,12181.94,12181.94,3,2020-Mar,2020
2020-03-30,Amazon,USA,Retail,124.01,83254.75,5059.81,78194.94,83254.75,5059.81,5059.81,3,2020-Mar,2020
2020-03-31,Amazon,UK,Tech,179.08,87842.49,8325.16,79517.33,87842.49,8325.16,8325.16,3,2020-Mar,2020
2020-04-01,Apple,Germany,Retail,162.82,89217.55,13209.06,76008.49,89217.55,13209.06,13209.06,4,2020-Apr,2020
2020-04-02,Amazon,Canada,Retail,130.61,89034.62,25548.03,63486.59,89034.62,25548.03,25548.03,4,2020-Apr,2020
2020-04-03,Amazon,Canada,Retail,203.26,116666.68,9951.64,106715.04,116666.68,9951.64,9951.64,4,2020-Apr,2020
2020-04-04,Apple,Germany,Finance,114.19,77902.74,18765.13,59137.61,77902.74,18765.13,18765.13,4,2020-Apr,2020
2020-04-05,Amazon,Canada,Tech,177.57,104410.83,8057.45,96353.38,104410.83,8057.45,8057.45,4,2020-Apr,2020
2020-04-06,Microsoft,India,Tech,180.02,124359.18,36725.06,87634.12,124359.18,36725.06,36725.06,4,2020-Apr,2020
2020-04-08,Google,India,Retail,191.77,85641.62,20880.17,64761.45,85641.62,20880.17,20880.17,4,2020-Apr,2020
2020-04-09,Apple,Canada,Tech,142.5,95389.51,12939.37,82450.14,95389.51,12939.37,12939.37,4,2020-Apr,2020
2020-04-10,Tesla,UK,Retail,158.66,123594.5,25573.83,98020.67,123594.5,25573.83,25573.83,4,2020-Apr,2020
2020-04-11,Apple,USA,Tech,157.81,103882.15,10180.87,93701.28,103882.15,10180.87,10180.87,4,2020-Apr,2020
2020-04-12,Tesla,USA,Finance,145.97,89375.71,7731.47,81644.24,89375.71,7731.47,7731.47,4,2020-Apr,2020
2020-04-13,Google,Germany,Retail,174.32,109677.53,31205.02,78472.51,109677.53,31205.02,31205.02,4,2020-Apr,2020
2020-04-14,Apple,Germany,Tech,173.8,77954.16,21781.31,56172.85,77954.16,21781.31,21781.31,4,2020-Apr,2020
2020-04-15,Microsoft,UK,Retail,97.54,113627.19,30891.51,82735.68,113627.19,30891.51,30891.51,4,2020-Apr,2020
2020-04-16,Amazon,USA,Tech,189.13,108172.15,22322.23,85849.92,108172.15,22322.23,22322.23,4,2020-Apr,2020
2020-04-17,Tesla,UK,Tech,100.13,93843.83,23654.94,70188.89,93843.83,23654.94,23654.94,4,2020-Apr,2020
2020-04-18,Amazon,Germany,Retail,180.98,83228.28,5597.87,77630.41,83228.28,5597.87,5597.87,4,2020-Apr,2020
2020-04-19,Amazon,Germany,Finance,183.8,82266.38,10998.79,71267.59,82266.38,10998.79,10998.79,4,2020-Apr,2020
2020-04-20,Apple,USA,Tech,117.27,110696.35,14216.27,96480.08,110696.35,14216.27,14216.27,4,2020-Apr,2020
2020-04-21,Amazon,India,Tech,137.68,124579.61,26026.09,98553.52,124579.61,26026.09,26026.09,4,2020-Apr,2020
2020-04-22,Microsoft,Canada,Tech,116.83,87253.85,12127.36,75126.49,87253.85,12127.36,12127.36,4,2020-Apr,2020
2020-04-23,Amazon,Germany,Finance,143.55,109167.73,9511.42,99656.31,109167.73,9511.42,9511.42,4,2020-Apr,2020
2020-04-24,Apple,Germany,Finance,140.76,58259.46,11600.44,46659.02,58259.46,11600.44,11600.44,4,2020-Apr,2020
2020-04-25,Microsoft,India,Retail,173.39,88307.65,22394.47,65913.18,88307.65,22394.47,22394.47,4,2020-Apr,2020
2020-04-26,Google,India,Finance,189.31,99378.82,14462.69,84916.13,99378.82,14462.69,14462.69,4,2020-Apr,2020
2020-04-27,Amazon,UK,Retail,191.87,81806.33,6795.42,75010.91,81806.33,6795.42,6795.42,4,2020-Apr,2020
2020-04-28,Apple,UK,Retail,133.13,81269.87,8059.7,73210.17,81269.87,8059.7,8059.7,4,2020-Apr,2020
2020-04-29,Google,Canada,Finance,143.72,86644.41,9476.37,77168.04,86644.41,9476.37,9476.37,4,2020-Apr,2020
2020-05-01,Tesla,USA,Finance,125.82,96253.42,20280.48,75972.94,96253.42,20280.48,20280.48,5,2020-May,2020
2020-05-02,Microsoft,UK,Retail,178.95,55235.38,11060.13,44175.25,55235.38,11060.13,11060.13,5,2020-May,2020
2020-05-04,Apple,UK,Finance,112.97,87862.7,12355.74,75506.96,87862.7,12355.74,12355.74,5,2020-May,2020
2020-05-05,Tesla,Germany,Retail,132.23,109153.73,27943.29,81210.44,109153.73,27943.29,27943.29,5,2020-May,2020
2020-05-06,Microsoft,India,Tech,149.21,45049.9,4551.03,40498.87,45049.9,4551.03,4551.03,5,2020-May,2020
2020-05-07,Tesla,UK,Retail,158.4,90005.4,15054.32,74951.08,90005.4,15054.32,15054.32,5,2020-May,2020
2020-05-08,Microsoft,India,Finance,125.71,89475.04,22389.76,67085.28,89475.04,22389.76,22389.76,5,2020-May,2020
2020-05-09,Microsoft,Canada,Tech,162.72,127766.76,12142.91,115623.85,127766.76,12142.91,12142.91,5,2020-May,2020
2020-05-10,Amazon,Canada,Retail,135.78,92299.56,7150.06,85149.5,92299.56,7150.06,7150.06,5,2020-May,2020
2020-05-11,Microsoft,USA,Retail,149.57,107659.78,29167.29,78492.49,107659.78,29167.29,29167.29,5,2020-May,2020
2020-05-12,Tesla,UK,Retail,166.39,102825.14,13956.7,88868.44,102825.14,13956.7,13956.7,5,2020-May,2020
2020-05-13,Microsoft,India,Tech,150.19,57388.67,12681.03,44707.64,57388.67,12681.03,12681.03,5,2020-May,2020
2020-05-15,Amazon,Canada,Retail,146.71,104307.93,23209.74,81098.19,104307.93,23209.74,23209.74,5,2020-May,2020
2020-05-16,Tesla,Canada,Retail,147.35,110165.37,14214.12,95951.25,110165.37,14214.12,14214.12,5,2020-May,2020
2020-05-17,Google,Germany,Retail,138.9,178524.75,11414.02,167110.73,178524.75,11414.02,11414.02,5,2020-May,2020
2020-05-18,Google,India,Retail,142.24,58317.74,11806.61,46511.13,58317.74,11806.61,11806.61,5,2020-May,2020
2020-05-19,Microsoft,India,Retail,197.96,134493.93,14821.36,119672.57,134493.93,14821.36,14821.36,5,2020-May,2020
2020-05-20,Apple,UK,Finance,166.83,94251.05,13826.8,80424.25,94251.05,13826.8,13826.8,5,2020-May,2020
2020-05-21,Microsoft,UK,Finance,141.14,105746.58,7417.62,98328.96,105746.58,7417.62,7417.62,5,2020-May,2020
2020-05-22,Tesla,USA,Retail,170.91,99089.76,8600.08,90489.68,99089.76,8600.08,8600.08,5,2020-May,2020
2020-05-23,Tesla,Canada,Tech,139.99,91515.27,11393.13,80122.14,91515.27,11393.13,11393.13,5,2020-May,2020
2020-05-24,Tesla,UK,Finance,185.19,88603.34,6418.41,82184.93,88603.34,6418.41,6418.41,5,2020-May,2020
2020-05-25,Tesla,India,Tech,161.09,106590.17,29600.79,76989.38,106590.17,29600.79,29600.79,5,2020-May,2020
2020-05-26,Tesla,Germany,Finance,146.78,69656.53,3588.13,66068.4,69656.53,3588.13,3588.13,5,2020-May,2020
2020-05-27,Amazon,India,Retail,163.43,115011.58,19662.96,95348.62,115011.58,19662.96,19662.96,5,2020-May,2020
2020-05-28,Google,Canada,Finance,102.87,91676.11,7408.52,84267.59,91676.11,7408.52,7408.52,5,2020-May,2020
2020-05-29,Tesla,India,Retail,116.2,77398.61,9823.41,67575.2,77398.61,9823.41,9823.41,5,2020-May,2020
2020-05-30,Apple,USA,Finance,114.18,90999.74,25617.78,65381.96,90999.74,25617.78,25617.78,5,2020-May,2020
2020-05-31,Apple,Canada,Retail,154.29,125142.98,11315.88,113827.1,125142.98,11315.88,11315.88,5,2020-May,2020
2020-06-01,Apple,Germany,Retail,201.98,89293.3,26025.25,63268.05,89293.3,26025.25,26025.25,6,2020-Jun,2020
2020-06-03,Amazon,Canada,Retail,169.14,85380.87,20097.93,65282.94,85380.87,20097.93,20097.93,6,2020-Jun,2020
2020-06-04,Apple,Germany,Tech,165.03,115158.44,21496.55,93661.89,115158.44,21496.55,21496.55,6,2020-Jun,2020
2020-06-05,Tesla,USA,Retail,95.97,113710.15,30829.06,82881.09,113710.15,30829.06,30829.06,6,2020-Jun,2020
2020-06-06,Microsoft,USA,Tech,133.72,136972.18,25819.02,111153.16,136972.18,25819.02,25819.02,6,2020-Jun,2020
2020-06-07,Apple,Canada,Tech,126.37,96488.72,17719.17,78769.55,96488.72,17719.17,17719.17,6,2020-Jun,2020
2020-06-09,Amazon,USA,Tech,144.96,101961.35,9335.31,92626.04,101961.35,9335.31,9335.31,6,2020-Jun,2020
2020-06-10,Apple,USA,Finance,135.84,125917.44,35146.36,90771.08,125917.44,35146.36,35146.36,6,2020-Jun,2020
2020-06-11,Microsoft,Germany,Retail,90.62,85623.35,11298.82,74324.53,85623.35,11298.82,11298.82,6,2020-Jun,2020
2020-06-12,Apple,India,Tech,172.44,114900.11,16433.08,98467.03,114900.11,16433.08,16433.08,6,2020-Jun,2020
2020-06-13,Amazon,Canada,Retail,117.82,96106.05,23061.22,73044.83,96106.05,23061.22,23061.22,6,2020-Jun,2020
2020-06-14,Google,Canada,Retail,157.18,98716.24,13297.66,85418.58,98716.24,13297.66,13297.66,6,2020-Jun,2020
2020-06-15,Tesla,UK,Retail,212.22,101835.05,29330.08,72504.97,101835.05,29330.08,29330.08,6,2020-Jun,2020
2020-06-16,Amazon,UK,Tech,122.42,105044.81,24631.11,80413.7,105044.81,24631.11,24631.11,6,2020-Jun,2020
2020-06-17,Apple,Canada,Finance,74.09,97675.42,19472.31,78203.11,97675.42,19472.31,19472.31,6,2020-Jun,2020
2020-06-19,Apple,Germany,Tech,183.03,131562.36,8209.69,123352.67,131562.36,8209.69,8209.69,6,2020-Jun,2020
2020-06-20,Apple,Canada,Retail,208.75,119708.99,13678.63,106030.36,119708.99,13678.63,13678.63,6,2020-Jun,2020
2020-06-21,Google,UK,Tech,113.11,117383.09,19516.0,97867.09,117383.09,19516.0,19516.0,6,2020-Jun,2020
2020-06-22,Tesla,Canada,Tech,164.9,90889.21,9701.94,81187.27,90889.21,9701.94,9701.94,6,2020-Jun,2020
2020-06-23,Tesla,India,Tech,136.04,82215.18,19400.83,62814.35,82215.18,19400.83,19400.83,6,2020-Jun,2020
2020-06-24,Google,USA,Retail,146.82,119106.01,33326.1,85779.91,119106.01,33326.1,33326.1,6,2020-Jun,2020
2020-06-25,Amazon,Canada,Tech,229.33,117520.94,18326.51,99194.43,117520.94,18326.51,18326.51,6,2020-Jun,2020
2020-06-27,Microsoft,UK,Tech,157.61,87920.39,25531.0,62389.39,87920.39,25531.0,25531.0,6,2020-Jun,2020
2020-06-29,Apple,Canada,Tech,182.57,67210.32,11577.79,55632.53,67210.32,11577.79,11577.79,6,2020-Jun,2020
2020-06-30,Amazon,India,Tech,152.94,92150.58,12708.71,79441.87,92150.58,12708.71,12708.71,6,2020-Jun,2020
2020-07-01,Apple,UK,Finance,159.24,119931.41,33267.43,86663.98,119931.41,33267.43,33267.43,7,2020-Jul,2020
2020-07-02,Google,Canada,Retail,138.25,90670.09,17430.32,73239.77,90670.09,17430.32,17430.32,7,2020-Jul,2020
2020-07-03,Google,UK,Retail,158.07,112809.6,27135.63,85673.97,112809.6,27135.63,27135.63,7,2020-Jul,2020
2020-07-04,Tesla,Germany,Tech,139.7,96189.94,24331.41,71858.53,96189.94,24331.41,24331.41,7,2020-Jul,2020
2020-07-05,Microsoft,USA,Finance,168.65,106481.14,14424.18,92056.96,106481.14,14424.18,14424.18,7,2020-Jul,2020
2020-07-06,Apple,Germany,Retail,138.91,77046.17,12205.93,64840.24,77046.17,12205.93,12205.93,7,2020-Jul,2020
2020-07-07,Apple,Canada,Tech,161.31,101704.19,26658.49,75045.7,101704.19,26658.49,26658.49,7,2020-Jul,2020
2020-07-08,Amazon,India,Finance,149.12,40177.28,5657.52,34519.76,40177.28,5657.52,5657.52,7,2020-Jul,2020
2020-07-09,Google,UK,Retail,183.78,96262.08,23919.57,72342.51,96262.08,23919.57,23919.57,7,2020-Jul,2020
2020-07-10,Microsoft,USA,Retail,148.46,67390.54,19223.02,48167.52,67390.54,19223.02,19223.02,7,2020-Jul,2020
2020-07-12,Google,Canada,Finance,187.86,115548.15,27200.82,88347.33,115548.15,27200.82,27200.82,7,2020-Jul,2020
2020-07-13,Tesla,UK,Finance,122.83,109333.42,27472.68,81860.74,109333.42,27472.68,27472.68,7,2020-Jul,2020
2020-07-14,Amazon,USA,Finance,130.39,130420.12,34073.55,96346.57,130420.12,34073.55,34073.55,7,2020-Jul,2020
2020-07-15,Amazon,Canada,Tech,132.13,81021.67,12053.05,68968.62,81021.67,12053.05,12053.05,7,2020-Jul,2020
2020-07-16,Apple,UK,Finance,191.23,134947.26,8476.83,126470.43,134947.26,8476.83,8476.83,7,2020-Jul,2020
2020-07-17,Microsoft,India,Retail,85.93,118643.83,17852.23,100791.6,118643.83,17852.23,17852.23,7,2020-Jul,2020
2020-07-18,Tesla,Canada,Retail,244.13,95268.89,20810.45,74458.44,95268.89,20810.45,20810.45,7,2020-Jul,2020
2020-07-19,Google,Canada,Tech,181.68,122712.4,19951.51,102760.89,122712.4,19951.51,19951.51,7,2020-Jul,2020
2020-07-20,Amazon,India,Retail,156.7,77874.13,18474.92,59399.21,77874.13,18474.92,18474.92,7,2020-Jul,2020
2020-07-21,Apple,Germany,Retail,148.35,83509.72,11628.36,71881.36,83509.72,11628.36,11628.36,7,2020-Jul,2020
2020-07-22,Apple,USA,Finance,158.57,87828.21,18328.52,69499.69,87828.21,18328.52,18328.52,7,2020-Jul,2020
2020-07-23,Tesla,Germany,Retail,165.63,89420.45,8638.46,80781.99,89420.45,8638.46,8638.46,7,2020-Jul,2020
2020-07-24,Amazon,UK,Tech,169.36,78868.85,18718.92,60149.93,78868.85,18718.92,18718.92,7,2020-Jul,2020
2020-07-25,Microsoft,India,Finance,166.67,124461.66,23202.64,101259.02,124461.66,23202.64,23202.64,7,2020-Jul,2020
2020-07-26,Amazon,Germany,Finance,152.69,94822.91,9578.64,85244.27,94822.91,9578.64,9578.64,7,2020-Jul,2020
2020-07-28,Tesla,UK,Finance,145.46,88592.97,21010.02,67582.95,88592.97,21010.02,21010.02,7,2020-Jul,2020
2020-07-29,Amazon,UK,Finance,144.15,63587.93,10851.3,52736.63,63587.93,10851.3,10851.3,7,2020-Jul,2020
2020-07-30,Tesla,Germany,Tech,184.01,105401.15,10962.55,94438.6,105401.15,10962.55,10962.55,7,2020-Jul,2020
2020-07-31,Amazon,Germany,Finance,167.81,61754.9,18021.18,43733.72,61754.9,18021.18,18021.18,7,2020-Jul,2020
2020-08-01,Google,India,Tech,61.79,98627.32,22564.08,76063.24,98627.32,22564.08,22564.08,8,2020-Aug,2020
2020-08-02,Amazon,USA,Tech,169.68,72633.7,21011.75,51621.95,72633.7,21011.75,21011.75,8,2020-Aug,2020
2020-08-03,Amazon,Germany,Retail,155.84,139745.52,21908.78,117836.74,139745.52,21908.78,21908.78,8,2020-Aug,2020
2020-08-05,Tesla,Canada,Finance,138.34,102115.08,28029.45,74085.63,102115.08,28029.45,28029.45,8,2020-Aug,2020
2020-08-07,Apple,USA,Tech,178.43,83073.68,18842.75,64230.93,83073.68,18842.75,18842.75,8,2020-Aug,2020
2020-08-08,Google,Canada,Finance,126.81,110869.59,12533.06,98336.53,110869.59,12533.06,12533.06,8,2020-Aug,2020
2020-08-09,Apple,India,Tech,162.21,103996.21,16814.28,87181.93,103996.21,16814.28,16814.28,8,2020-Aug,2020
2020-08-10,Amazon,India,Tech,120.85,105280.4,8513.23,96767.17,105280.4,8513.23,8513.23,8,2020-Aug,2020
2020-08-12,Apple,Germany,Tech,131.2,114649.84,5759.53,108890.31,114649.84,5759.53,5759.53,8,2020-Aug,2020
2020-08-13,Apple,India,Retail,175.87,105774.47,6327.03,99447.44,105774.47,6327.03,6327.03,8,2020-Aug,2020
2020-08-14,Google,Germany,Finance,178.59,66902.25,19690.73,47211.52,66902.25,19690.73,19690.73,8,2020-Aug,2020
2020-08-15,Google,USA,Retail,165.39,80799.07,8935.44,71863.63,80799.07,8935.44,8935.44,8,2020-Aug,2020
2020-08-16,Amazon,Germany,Finance,171.75,97545.82,21053.09,76492.73,97545.82,21053.09,21053.09,8,2020-Aug,2020
2020-08-17,Tesla,UK,Tech,165.49,101867.45,26462.61,75404.84,101867.45,26462.61,26462.61,8,2020-Aug,2020
2020-08-18,Google,Germany,Finance,130.76,77395.93,14524.52,62871.41,77395.93,14524.52,14524.52,8,2020-Aug,2020
2020-08-19,Apple,Canada,Retail,162.96,148233.53,13086.96,135146.57,148233.53,13086.96,13086.96,8,2020-Aug,2020
2020-08-20,Tesla,USA,Tech,174.01,130327.88,30239.86,100088.02,130327.88,30239.86,30239.86,8,2020-Aug,2020
2020-08-21,Tesla,Canada,Finance,172.63,112042.37,22415.52,89626.85,112042.37,22415.52,22415.52,8,2020-Aug,2020
2020-08-22,Apple,Canada,Finance,185.67,101440.74,23616.69,77824.05,101440.74,23616.69,23616.69,8,2020-Aug,2020
2020-08-23,Google,UK,Finance,171.25,95755.82,23214.72,72541.1,95755.82,23214.72,23214.72,8,2020-Aug,2020
2020-08-24,Apple,USA,Retail,160.54,80961.63,23790.78,57170.85,80961.63,23790.78,23790.78,8,2020-Aug,2020
2020-08-26,Microsoft,USA,Finance,149.2,105155.05,14239.07,90915.98,105155.05,14239.07,14239.07,8,2020-Aug,2020
2020-08-27,Microsoft,USA,Tech,123.54,75164.79,15943.67,59221.12,75164.79,15943.67,15943.67,8,2020-Aug,2020
2020-08-28,Amazon,USA,Tech,145.11,106683.53,7159.55,99523.98,106683.53,7159.55,7159.55,8,2020-Aug,2020
2020-08-29,Apple,UK,Retail,127.65,96894.82,26583.03,70311.79,96894.82,26583.03,26583.03,8,2020-Aug,2020
2020-08-30,Apple,Germany,Tech,129.74,61843.85,4937.94,56905.91,61843.85,4937.94,4937.94,8,2020-Aug,2020
2020-08-31,Amazon,Canada,Retail,145.66,82792.3,10925.33,71866.97,82792.3,10925.33,10925.33,8,2020-Aug,2020
2020-09-01,Amazon,USA,Finance,126.23,91727.89,23293.05,68434.84,91727.89,23293.05,23293.05,9,2020-Sep,2020
2020-09-02,Amazon,Germany,Retail,140.76,137753.75,27458.19,110295.56,137753.75,27458.19,27458.19,9,2020-Sep,2020
2020-09-04,Apple,Canada,Finance,156.4,73290.37,12339.09,60951.28,73290.37,12339.09,12339.09,9,2020-Sep,2020
2020-09-05,Tesla,UK,Tech,150.04,109720.73,28926.43,80794.3,109720.73,28926.43,28926.43,9,2020-Sep,2020
2020-09-06,Amazon,India,Retail,125.49,69053.92,9322.35,59731.57,69053.92,9322.35,9322.35,9,2020-Sep,2020
2020-09-07,Apple,India,Retail,169.78,121653.82,32531.74,89122.08,121653.82,32531.74,32531.74,9,2020-Sep,2020
2020-09-08,Tesla,Germany,Finance,178.13,90577.51,6524.62,84052.89,90577.51,6524.62,6524.62,9,2020-Sep,2020
2020-09-09,Tesla,Canada,Tech,101.77,98127.28,23962.64,74164.64,98127.28,23962.64,23962.64,9,2020-Sep,2020
2020-09-11,Apple,Germany,Finance,126.93,74256.73,7088.13,67168.6,74256.73,7088.13,7088.13,9,2020-Sep,2020
2020-09-12,Amazon,UK,Retail,121.8,72057.64,11355.32,60702.32,72057.64,11355.32,11355.32,9,2020-Sep,2020
2020-09-13,Apple,India,Finance,174.88,88328.01,8070.97,80257.04,88328.01,8070.97,8070.97,9,2020-Sep,2020
2020-09-14,Microsoft,Germany,Tech,144.19,120767.58,27372.1,93395.48,120767.58,27372.1,27372.1,9,2020-Sep,2020
2020-09-15,Google,Germany,Tech,142.06,69613.08,12797.46,56815.62,69613.08,12797.46,12797.46,9,2020-Sep,2020
2020-09-16,Google,USA,Tech,89.88,43356.89,9054.26,34302.63,43356.89,9054.26,9054.26,9,2020-Sep,2020
2020-09-17,Google,UK,Tech,169.06,90976.82,9017.78,81959.04,90976.82,9017.78,9017.78,9,2020-Sep,2020
2020-09-18,Amazon,USA,Retail,112.82,111034.82,11429.53,99605.29,111034.82,11429.53,11429.53,9,2020-Sep,2020
2020-09-19,Microsoft,Canada,Retail,151.8,124005.23,7486.73,116518.5,124005.23,7486.73,7486.73,9,2020-Sep,2020
2020-09-20,Apple,USA,Tech,158.32,90736.77,11842.68,78894.09,90736.77,11842.68,11842.68,9,2020-Sep,2020
2020-09-21,Tesla,USA,Tech,190.82,91771.47,17430.72,74340.75,91771.47,17430.72,17430.72,9,2020-Sep,2020
2020-09-22,Apple,India,Tech,110.74,123078.01,32552.13,90525.88,123078.01,32552.13,32552.13,9,2020-Sep,2020
2020-09-23,Tesla,Germany,Retail,59.41,62605.17,13568.54,49036.63,62605.17,13568.54,13568.54,9,2020-Sep,2020
2020-09-24,Apple,UK,Tech,155.52,92229.58,14650.58,77579.0,92229.58,14650.58,14650.58,9,2020-Sep,2020
2020-09-26,Tesla,UK,Tech,187.17,108984.37,25045.84,83938.53,108984.37,25045.84,25045.84,9,2020-Sep,2020
2020-09-27,Amazon,USA,Finance,156.29,89803.87,25373.3,64430.57,89803.87,25373.3,25373.3,9,2020-Sep,2020
2020-09-28,Apple,Canada,Tech,135.25,100688.82,18314.99,82373.83,100688.82,18314.99,18314.99,9,2020-Sep,2020
2020-09-29,Apple,USA,Finance,174.21,50233.45,5763.09,44470.36,50233.45,5763.09,5763.09,9,2020-Sep,2020
2020-09-30,Tesla,India,Finance,120.79,86835.03,5488.55,81346.48,86835.03,5488.55,5488.55,9,2020-Sep,2020
2020-10-01,Amazon,Germany,Tech,164.29,109070.17,25252.06,83818.11,109070.17,25252.06,25252.06,10,2020-Oct,2020
2020-10-02,Amazon,Canada,Finance,165.16,80354.12,6454.5,73899.62,80354.12,6454.5,6454.5,10,2020-Oct,2020
2020-10-03,Microsoft,USA,Tech,181.81,101179.68,12717.66,88462.02,101179.68,12717.66,12717.66,10,2020-Oct,2020
2020-10-04,Amazon,UK,Retail,232.79,108937.45,19948.38,88989.07,108937.45,19948.38,19948.38,10,2020-Oct,2020
2020-10-05,Amazon,Canada,Retail,161.77,93149.02,17801.16,75347.86,93149.02,17801.16,17801.16,10,2020-Oct,2020
2020-10-06,Amazon,Canada,Retail,134.73,103409.28,20696.93,82712.35,103409.28,20696.93,20696.93,10,2020-Oct,2020
2020-10-07,Google,USA,Retail,149.23,80745.35,7393.35,73352.0,80745.35,7393.35,7393.35,10,2020-Oct,2020
2020-10-08,Microsoft,Canada,Finance,96.93,95867.77,13894.53,81973.24,95867.77,13894.53,13894.53,10,2020-Oct,2020
2020-10-09,Apple,UK,Tech,129.16,112204.32,22923.18,89281.14,112204.32,22923.18,22923.18,10,2020-Oct,2020
2020-10-10,Tesla,Canada,Tech,137.72,103139.46,30163.62,72975.84,103139.46,30163.62,30163.62,10,2020-Oct,2020
2020-10-11,Apple,UK,Tech,134.28,88269.37,20470.35,67799.02,88269.37,20470.35,20470.35,10,2020-Oct,2020
2020-10-12,Microsoft,USA,Retail,154.57,104484.33,29323.63,75160.7,104484.33,29323.63,29323.63,10,2020-Oct,2020
2020-10-13,Tesla,Germany,Retail,125.33,114292.2,27493.33,86798.87,114292.2,27493.33,27493.33,10,2020-Oct,2020
2020-10-14,Microsoft,Canada,Tech,183.63,59001.17,11678.06,47323.11,59001.17,11678.06,11678.06,10,2020-Oct,2020
2020-10-15,Amazon,Germany,Retail,150.01,123181.48,12072.5,111108.98,123181.48,12072.5,12072.5,10,2020-Oct,2020
2020-10-16,Tesla,UK,Tech,149.72,93274.91,20210.01,73064.9,93274.91,20210.01,20210.01,10,2020-Oct,2020
2020-10-17,Amazon,Canada,Tech,140.16,108509.8,22336.19,86173.61,108509.8,22336.19,22336.19,10,2020-Oct,2020
2020-10-18,Apple,India,Tech,154.66,123944.94,24865.5,99079.44,123944.94,24865.5,24865.5,10,2020-Oct,2020
2020-10-19,Apple,Germany,Tech,174.75,72566.53,12513.84,60052.69,72566.53,12513.84,12513.84,10,2020-Oct,2020
2020-10-20,Tesla,Canada,Tech,123.99,85811.18,15631.72,70179.46,85811.18,15631.72,15631.72,10,2020-Oct,2020
2020-10-21,Tesla,Germany,Tech,130.26,94229.03,12590.0,81639.03,94229.03,12590.0,12590.0,10,2020-Oct,2020
2020-10-22,Microsoft,Canada,Tech,140.89,84324.93,15164.0,69160.93,84324.93,15164.0,15164.0,10,2020-Oct,2020
2020-10-23,Microsoft,USA,Retail,109.62,134698.73,13387.57,121311.16,134698.73,13387.57,13387.57,10,2020-Oct,2020
2020-10-24,Amazon,Germany,Tech,125.42,82864.56,20823.33,62041.23,82864.56,20823.33,20823.33,10,2020-Oct,2020
2020-10-25,Tesla,India,Tech,135.71,88889.06,8572.84,80316.22,88889.06,8572.84,8572.84,10,2020-Oct,2020
2020-10-27,Microsoft,UK,Retail,157.88,75957.01,12081.84,63875.17,75957.01,12081.84,12081.84,10,2020-Oct,2020
2020-10-28,Microsoft,Canada,Retail,155.81,92086.39,19759.61,72326.78,92086.39,19759.61,19759.61,10,2020-Oct,2020
2020-10-30,Microsoft,UK,Finance,145.88,93342.79,11125.39,82217.4,93342.79,11125.39,11125.39,10,2020-Oct,2020
2020-11-01,Tesla,Canada,Retail,146.9,89413.36,12227.33,77186.03,89413.36,12227.33,12227.33,11,2020-Nov,2020
2020-11-02,Apple,India,Finance,157.96,69710.59,19743.22,49967.37,69710.59,19743.22,19743.22,11,2020-Nov,2020
2020-11-04,Microsoft,India,Tech,76.84,135098.66,23722.37,111376.29,135098.66,23722.37,23722.37,11,2020-Nov,2020
2020-11-05,Microsoft,UK,Finance,145.97,100368.03,13245.67,87122.36,100368.03,13245.67,13245.67,11,2020-Nov,2020
2020-11-06,Apple,USA,Tech,192.68,104505.28,24483.82,80021.46,104505.28,24483.82,24483.82,11,2020-Nov,2020
2020-11-07,Amazon,UK,Finance,177.79,113854.46,6737.71,107116.75,113854.46,6737.71,6737.71,11,2020-Nov,2020
2020-11-08,Google,Canada,Tech,178.96,74613.39,12586.7,62026.69,74613.39,12586.7,12586.7,11,2020-Nov,2020
2020-11-09,Apple,USA,Finance,187.08,134050.29,17973.58,116076.71,134050.29,17973.58,17973.58,11,2020-Nov,2020
2020-11-10,Google,UK,Tech,152.66,104046.58,29146.98,74899.6,104046.58,29146.98,29146.98,11,2020-Nov,2020
2020-11-11,Google,Canada,Tech,155.92,132637.14,7029.87,125607.27,132637.14,7029.87,7029.87,11,2020-Nov,2020
2020-11-12,Amazon,India,Finance,131.47,85339.34,16061.18,69278.16,85339.34,16061.18,16061.18,11,2020-Nov,2020
2020-11-13,Google,Canada,Tech,140.52,136361.24,32067.51,104293.73,136361.24,32067.51,32067.51,11,2020-Nov,2020
2020-11-14,Google,Germany,Tech,168.47,115503.11,19780.43,95722.68,115503.11,19780.43,19780.43,11,2020-Nov,2020
2020-11-15,Amazon,Canada,Tech,186.12,111060.8,7924.27,103136.53,111060.8,7924.27,7924.27,11,2020-Nov,2020
2020-11-16,Google,Canada,Finance,145.82,104680.49,30683.46,73997.03,104680.49,30683.46,30683.46,11,2020-Nov,2020
2020-11-17,Google,Germany,Finance,136.49,95029.43,17058.03,77971.4,95029.43,17058.03,17058.03,11,2020-Nov,2020
2020-11-18,Google,UK,Tech,150.02,124010.63,25241.94,98768.69,124010.63,25241.94,25241.94,11,2020-Nov,2020
2020-11-19,Apple,UK,Tech,168.04,102807.2,11221.66,91585.54,102807.2,11221.66,11221.66,11,2020-Nov,2020
2020-11-20,Apple,Canada,Finance,106.68,60658.61,10365.01,50293.6,60658.61,10365.01,10365.01,11,2020-Nov,2020
2020-11-21,Apple,Germany,Finance,81.11,77656.27,12214.35,65441.92,77656.27,12214.35,12214.35,11,2020-Nov,2020
2020-11-22,Amazon,Germany,Tech,133.48,96283.08,6616.95,89666.13,96283.08,6616.95,6616.95,11,2020-Nov,2020
2020-11-23,Microsoft,India,Tech,113.38,106199.98,8128.56,98071.42,106199.98,8128.56,8128.56,11,2020-Nov,2020
2020-11-24,Google,UK,Tech,134.76,98868.23,25643.27,73224.96,98868.23,25643.27,25643.27,11,2020-Nov,2020
2020-11-25,Google,USA,Retail,145.57,124379.42,13676.14,110703.28,124379.42,13676.14,13676.14,11,2020-Nov,2020
2020-11-26,Amazon,UK,Finance,136.4,60977.96,6020.94,54957.02,60977.96,6020.94,6020.94,11,2020-Nov,2020
2020-11-27,Google,UK,Retail,193.57,102871.76,18128.87,84742.89,102871.76,18128.87,18128.87,11,2020-Nov,2020
2020-11-28,Apple,India,Finance,159.8,63640.42,15412.87,48227.55,63640.42,15412.87,15412.87,11,2020-Nov,2020
2020-11-29,Microsoft,USA,Finance,159.01,115194.25,7543.68,107650.57,115194.25,7543.68,7543.68,11,2020-Nov,2020
2020-11-30,Tesla,India,Finance,168.67,98110.83,19053.32,79057.51,98110.83,19053.32,19053.32,11,2020-Nov,2020
2020-12-01,Google,USA,Finance,115.84,108392.2,8649.98,99742.22,108392.2,8649.98,8649.98,12,2020-Dec,2020
2020-12-02,Apple,Canada,Finance,181.17,82722.34,4890.15,77832.19,82722.34,4890.15,4890.15,12,2020-Dec,2020
2020-12-03,Tesla,USA,Finance,147.73,125589.3,7935.48,117653.82,125589.3,7935.48,7935.48,12,2020-Dec,2020
2020-12-04,Microsoft,India,Finance,170.11,120834.49,31240.67,89593.82,120834.49,31240.67,31240.67,12,2020-Dec,2020
2020-12-05,Tesla,UK,Retail,117.84,111670.89,8877.07,102793.82,111670.89,8877.07,8877.07,12,2020-Dec,2020
2020-12-06,Apple,USA,Tech,103.39,97409.66,5970.03,91439.63,97409.66,5970.03,5970.03,12,2020-Dec,2020
2020-12-07,Tesla,USA,Tech,174.54,111597.15,17796.95,93800.2,111597.15,17796.95,17796.95,12,2020-Dec,2020
2020-12-08,Amazon,Germany,Retail,161.29,85862.15,22409.88,63452.27,85862.15,22409.88,22409.88,12,2020-Dec,2020
2020-12-09,Tesla,UK,Retail,122.94,117111.11,13538.29,103572.82,117111.11,13538.29,13538.29,12,2020-Dec,2020
2020-12-10,Google,Canada,Retail,123.91,132989.62,20670.33,112319.29,132989.62,20670.33,20670.33,12,2020-Dec,2020
2020-12-12,Amazon,Canada,Finance,114.32,85407.95,13859.12,71548.83,85407.95,13859.12,13859.12,12,2020-Dec,2020
2020-12-13,Apple,UK,Tech,199.28,107228.35,20845.54,86382.81,107228.35,20845.54,20845.54,12,2020-Dec,2020
2020-12-14,Google,USA,Finance,122.98,74137.17,14288.22,59848.95,74137.17,14288.22,14288.22,12,2020-Dec,2020
2020-12-15,Microsoft,USA,Tech,169.15,111447.81,14834.45,96613.36,111447.81,14834.45,14834.45,12,2020-Dec,2020
2020-12-16,Google,UK,Tech,140.14,109012.07,14049.83,94962.24,109012.07,14049.83,14049.83,12,2020-Dec,2020
2020-12-17,Google,USA,Retail,168.1,62603.67,4798.94,57804.73,62603.67,4798.94,4798.94,12,2020-Dec,2020
2020-12-18,Apple,USA,Finance,133.68,76764.32,10877.47,65886.85,76764.32,10877.47,10877.47,12,2020-Dec,2020
2020-12-19,Tesla,USA,Retail,145.12,94337.22,7063.37,87273.85,94337.22,7063.37,7063.37,12,2020-Dec,2020
2020-12-20,Google,India,Finance,151.23,93982.81,22710.85,71271.96,93982.81,22710.85,22710.85,12,2020-Dec,2020
2020-12-21,Amazon,India,Tech,119.93,75810.46,22103.95,53706.51,75810.46,22103.95,22103.95,12,2020-Dec,2020
2020-12-22,Tesla,Germany,Retail,172.22,107779.57,31527.53,76252.04,107779.57,31527.53,31527.53,12,2020-Dec,2020
2020-12-23,Microsoft,Canada,Retail,134.6,105029.47,27965.96,77063.51,105029.47,27965.96,27965.96,12,2020-Dec,2020
2020-12-24,Apple,UK,Tech,143.14,96114.62,19241.96,76872.66,96114.62,19241.96,19241.96,12,2020-Dec,2020
2020-12-25,Microsoft,UK,Tech,120.17,84884.17,19117.31,65766.86,84884.17,19117.31,19117.31,12,2020-Dec,2020
2020-12-26,Tesla,UK,Tech,73.13,120974.14,14674.34,106299.8,120974.14,14674.34,14674.34,12,2020-Dec,2020
2020-12-27,Tesla,Germany,Retail,144.27,133108.14,27645.58,105462.56,133108.14,27645.58,27645.58,12,2020-Dec,2020
2020-12-28,Tesla,India,Finance,222.38,90328.77,14806.0,75522.77,90328.77,14806.0,14806.0,12,2020-Dec,2020
2020-12-31,Microsoft,Canada,Retail,142.11,92839.41,11185.25,81654.16,92839.41,11185.25,11185.25,12,2020-Dec,2020
2021-01-01,Tesla,USA,Retail,150.67,97212.06,12589.92,84622.14,97212.06,12589.92,12589.92,1,2021-Jan,2021
2021-01-02,Amazon,India,Tech,166.41,114793.06,32275.27,82517.79,114793.06,32275.27,32275.27,1,2021-Jan,2021
2021-01-03,Tesla,India,Finance,114.58,61812.88,3959.49,57853.39,61812.88,3959.49,3959.49,1,2021-Jan,2021
2021-01-04,Microsoft,Germany,Retail,183.43,126366.05,21660.22,104705.83,126366.05,21660.22,21660.22,1,2021-Jan,2021
2021-01-05,Google,India,Retail,171.46,101453.61,28224.41,73229.2,101453.61,28224.41,28224.41,1,2021-Jan,2021
2021-01-06,Tesla,UK,Tech,171.55,91770.14,18591.78,73178.36,91770.14,18591.78,18591.78,1,2021-Jan,2021
2021-01-07,Google,UK,Tech,163.15,98215.32,18327.15,79888.17,98215.32,18327.15,18327.15,1,2021-Jan,2021
2021-01-09,Apple,UK,Retail,170.19,65375.97,8879.29,56496.68,65375.97,8879.29,8879.29,1,2021-Jan,2021
2021-01-10,Amazon,Canada,Finance,167.75,129898.76,34164.95,95733.81,129898.76,34164.95,34164.95,1,2021-Jan,2021
2021-01-11,Tesla,Germany,Retail,139.38,100826.51,19137.33,81689.18,100826.51,19137.33,19137.33,1,2021-Jan,2021
2021-01-12,Google,Canada,Finance,132.79,108860.04,19451.72,89408.32,108860.04,19451.72,19451.72,1,2021-Jan,2021
2021-01-13,Google,USA,Tech,153.06,119031.0,8914.82,110116.18,119031.0,8914.82,8914.82,1,2021-Jan,2021
2021-01-14,Microsoft,Canada,Retail,196.47,79576.75,4297.7,75279.05,79576.75,4297.7,4297.7,1,2021-Jan,2021
2021-01-15,Google,USA,Finance,112.83,109469.44,31846.99,77622.45,109469.44,31846.99,31846.99,1,2021-Jan,2021
2021-01-16,Microsoft,USA,Tech,105.97,94647.18,13652.53,80994.65,94647.18,13652.53,13652.53,1,2021-Jan,2021
2021-01-17,Apple,Canada,Tech,154.94,116935.42,23481.01,93454.41,116935.42,23481.01,23481.01,1,2021-Jan,2021
2021-01-18,Tesla,Germany,Finance,151.53,57455.45,4017.79,53437.66,57455.45,4017.79,4017.79,1,2021-Jan,2021
2021-01-20,Apple,UK,Retail,157.32,87943.59,24900.5,63043.09,87943.59,24900.5,24900.5,1,2021-Jan,2021
2021-01-21,Google,USA,Tech,143.3,108645.26,21068.09,87577.17,108645.26,21068.09,21068.09,1,2021-Jan,2021
2021-01-22,Google,USA,Retail,194.7,109400.88,8919.33,100481.55,109400.88,8919.33,8919.33,1,2021-Jan,2021
2021-01-24,Google,India,Retail,125.15,85756.52,20717.64,65038.88,85756.52,20717.64,20717.64,1,2021-Jan,2021
2021-01-25,Apple,Canada,Tech,146.9,97786.69,14824.87,82961.82,97786.69,14824.87,14824.87,1,2021-Jan,2021
2021-01-26,Microsoft,USA,Finance,100.7,82067.16,22154.8,59912.36,82067.16,22154.8,22154.8,1,2021-Jan,2021
2021-01-27,Microsoft,UK,Retail,144.72,116839.67,24789.96,92049.71,116839.67,24789.96,24789.96,1,2021-Jan,2021
2021-01-28,Apple,Germany,Tech,199.84,92615.86,25451.97,67163.89,92615.86,25451.97,25451.97,1,2021-Jan,2021
2021-01-29,Microsoft,Canada,Tech,150.63,41860.24,8618.03,33242.21,41860.24,8618.03,8618.03,1,2021-Jan,2021
2021-01-30,Microsoft,Germany,Finance,156.92,92503.56,7661.33,84842.23,92503.56,7661.33,7661.33,1,2021-Jan,2021
2021-01-31,Microsoft,Canada,Retail,112.2,79229.12,10095.61,69133.51,79229.12,10095.61,10095.61,1,2021-Jan,2021
2021-02-01,Amazon,Canada,Retail,131.51,67374.48,6767.68,60606.8,67374.48,6767.68,6767.68,2,2021-Feb,2021
2021-02-02,Tesla,USA,Finance,138.74,75251.47,20860.21,54391.26,75251.47,20860.21,20860.21,2,2021-Feb,2021
2021-02-03,Google,Germany,Finance,140.47,102188.17,24535.38,77652.79,102188.17,24535.38,24535.38,2,2021-Feb,2021
2021-02-04,Amazon,Germany,Tech,188.45,126572.82,27732.05,98840.77,126572.82,27732.05,27732.05,2,2021-Feb,2021
2021-02-05,Microsoft,UK,Tech,166.73,106263.69,13308.63,92955.06,106263.69,13308.63,13308.63,2,2021-Feb,2021
2021-02-06,Apple,UK,Finance,116.66,87869.93,8436.5,79433.43,87869.93,8436.5,8436.5,2,2021-Feb,2021
2021-02-07,Microsoft,USA,Retail,157.4,109118.08,26091.53,83026.55,109118.08,26091.53,26091.53,2,2021-Feb,2021
2021-02-08,Tesla,USA,Tech,164.95,90818.19,15306.45,75511.74,90818.19,15306.45,15306.45,2,2021-Feb,2021
2021-02-09,Microsoft,India,Tech,184.2,86107.99,9165.97,76942.02,86107.99,9165.97,9165.97,2,2021-Feb,2021
2021-02-10,Apple,UK,Retail,197.42,76912.75,15702.16,61210.59,76912.75,15702.16,15702.16,2,2021-Feb,2021
2021-02-11,Tesla,Canada,Tech,119.55,64963.42,3903.23,61060.19,64963.42,3903.23,3903.23,2,2021-Feb,2021
2021-02-12,Microsoft,Germany,Retail,125.67,92201.53,12128.43,80073.1,92201.53,12128.43,12128.43,2,2021-Feb,2021
2021-02-13,Tesla,USA,Retail,112.27,103161.07,17242.26,85918.81,103161.07,17242.26,17242.26,2,2021-Feb,2021
2021-02-14,Google,Germany,Retail,142.98,98067.53,8530.85,89536.68,98067.53,8530.85,8530.85,2,2021-Feb,2021
2021-02-15,Google,Germany,Finance,163.99,91680.66,27152.48,64528.18,91680.66,27152.48,27152.48,2,2021-Feb,2021
2021-02-16,Microsoft,India,Finance,179.62,81085.08,8292.92,72792.16,81085.08,8292.92,8292.92,2,2021-Feb,2021
2021-02-17,Tesla,UK,Finance,147.72,112164.92,9263.51,102901.41,112164.92,9263.51,9263.51,2,2021-Feb,2021
2021-02-18,Apple,USA,Retail,140.4,73657.36,7430.83,66226.53,73657.36,7430.83,7430.83,2,2021-Feb,2021
2021-02-21,Google,Canada,Tech,212.69,84951.3,16255.77,68695.53,84951.3,16255.77,16255.77,2,2021-Feb,2021
2021-02-22,Microsoft,India,Retail,101.77,70664.3,3904.36,66759.94,70664.3,3904.36,3904.36,2,2021-Feb,2021
2021-02-23,Tesla,Canada,Tech,155.54,89971.96,5273.06,84698.9,89971.96,5273.06,5273.06,2,2021-Feb,2021
2021-02-24,Google,USA,Tech,210.71,119506.25,19295.05,100211.2,119506.25,19295.05,19295.05,2,2021-Feb,2021
2021-02-25,Tesla,USA,Retail,150.2,110312.56,28037.46,82275.1,110312.56,28037.46,28037.46,2,2021-Feb,2021
2021-02-26,Google,UK,Retail,144.3,119568.44,32440.08,87128.36,119568.44,32440.08,32440.08,2,2021-Feb,2021
2021-02-27,Google,Germany,Tech,139.28,110442.85,7916.17,102526.68,110442.85,7916.17,7916.17,2,2021-Feb,2021
2021-02-28,Amazon,Germany,Tech,144.59,77926.6,14384.53,63542.07,77926.6,14384.53,14384.53,2,2021-Feb,2021
2021-03-01,Google,Canada,Finance,191.19,93384.22,25989.52,67394.7,93384.22,25989.52,25989.52,3,2021-Mar,2021
2021-03-02,Apple,India,Finance,83.64,84396.02,12405.64,71990.38,84396.02,12405.64,12405.64,3,2021-Mar,2021
2021-03-03,Microsoft,Germany,Retail,196.0,126611.5,32588.72,94022.78,126611.5,32588.72,32588.72,3,2021-Mar,2021
2021-03-04,Microsoft,UK,Finance,107.28,76064.23,6345.58,69718.65,76064.23,6345.58,6345.58,3,2021-Mar,2021
2021-03-05,Tesla,Canada,Finance,142.0,117873.95,33458.36,84415.59,117873.95,33458.36,33458.36,3,2021-Mar,2021
2021-03-06,Google,Canada,Finance,137.12,117859.08,28033.47,89825.61,117859.08,28033.47,28033.47,3,2021-Mar,2021
2021-03-07,Apple,UK,Finance,167.66,136592.4,38974.4,97618.0,136592.4,38974.4,38974.4,3,2021-Mar,2021
2021-03-08,Tesla,India,Tech,102.06,91806.27,20119.74,71686.53,91806.27,20119.74,20119.74,3,2021-Mar,2021
2021-03-09,Amazon,UK,Retail,163.87,114246.44,16091.72,98154.72,114246.44,16091.72,16091.72,3,2021-Mar,2021
2021-03-10,Tesla,India,Finance,210.73,145633.04,41439.2,104193.84,145633.04,41439.2,41439.2,3,2021-Mar,2021
2021-03-11,Tesla,UK,Tech,109.1,87647.17,10420.52,77226.65,87647.17,10420.52,10420.52,3,2021-Mar,2021
2021-03-12,Google,UK,Tech,155.69,69299.2,9219.78,60079.42,69299.2,9219.78,9219.78,3,2021-Mar,2021
2021-03-13,Amazon,USA,Tech,130.14,62399.8,14052.57,48347.23,62399.8,14052.57,14052.57,3,2021-Mar,2021
2021-03-14,Tesla,Canada,Finance,162.78,114254.24,27572.87,86681.37,114254.24,27572.87,27572.87,3,2021-Mar,2021
2021-03-15,Apple,UK,Finance,150.57,62337.0,17600.91,44736.09,62337.0,17600.91,17600.91,3,2021-Mar,2021
2021-03-16,Apple,UK,Retail,130.76,92553.62,9366.48,83187.14,92553.62,9366.48,9366.48,3,2021-Mar,2021
2021-03-17,Microsoft,Germany,Finance,164.64,108746.26,27132.14,81614.12,108746.26,27132.14,27132.14,3,2021-Mar,2021
2021-03-18,Amazon,Canada,Finance,204.13,103703.51,24332.63,79370.88,103703.51,24332.63,24332.63,3,2021-Mar,2021
2021-03-19,Amazon,Germany,Tech,144.27,108508.9,7156.01,101352.89,108508.9,7156.01,7156.01,3,2021-Mar,2021
2021-03-20,Microsoft,Canada,Retail,171.59,104445.8,15333.25,89112.55,104445.8,15333.25,15333.25,3,2021-Mar,2021
2021-03-21,Tesla,Germany,Finance,111.2,125577.32,15156.1,110421.22,125577.32,15156.1,15156.1,3,2021-Mar,2021
2021-03-22,Amazon,UK,Finance,121.31,80953.67,10210.09,70743.58,80953.67,10210.09,10210.09,3,2021-Mar,2021
2021-03-23,Apple,UK,Tech,164.17,86460.1,25569.43,60890.67,86460.1,25569.43,25569.43,3,2021-Mar,2021
2021-03-24,Apple,USA,Tech,194.52,84546.81,17813.54,66733.27,84546.81,17813.54,17813.54,3,2021-Mar,2021
2021-03-25,Google,Germany,Finance,160.67,116603.84,26751.14,89852.7,116603.84,26751.14,26751.14,3,2021-Mar,2021
2021-03-26,Amazon,India,Retail,140.61,118007.97,34712.56,83295.41,118007.97,34712.56,34712.56,3,2021-Mar,2021
2021-03-27,Tesla,USA,Retail,149.98,109024.51,15732.29,93292.22,109024.51,15732.29,15732.29,3,2021-Mar,2021
2021-03-28,Microsoft,Germany,Tech,112.49,123669.87,30974.36,92695.51,123669.87,30974.36,30974.36,3,2021-Mar,2021
2021-03-29,Microsoft,Germany,Tech,168.14,76439.18,12125.76,64313.42,76439.18,12125.76,12125.76,3,2021-Mar,2021
2021-03-30,Tesla,USA,Finance,176.47,133344.48,35654.1,97690.38,133344.48,35654.1,35654.1,3,2021-Mar,2021
2021-04-01,Microsoft,Germany,Finance,135.9,114712.44,32913.47,81798.97,114712.44,32913.47,32913.47,4,2021-Apr,2021
2021-04-02,Amazon,UK,Retail,157.98,135635.98,14200.13,121435.85,135635.98,14200.13,14200.13,4,2021-Apr,2021
2021-04-03,Google,USA,Retail,136.9,66867.54,8796.77,58070.77,66867.54,8796.77,8796.77,4,2021-Apr,2021
2021-04-04,Amazon,UK,Finance,148.02,89511.04,21397.44,68113.6,89511.04,21397.44,21397.44,4,2021-Apr,2021
2021-04-05,Apple,Canada,Tech,212.99,85293.93,12660.93,72633.0,85293.93,12660.93,12660.93,4,2021-Apr,2021
2021-04-06,Google,India,Retail,142.59,114429.59,23120.82,91308.77,114429.59,23120.82,23120.82,4,2021-Apr,2021
2021-04-07,Microsoft,Germany,Tech,139.25,78997.19,12729.87,66267.32,78997.19,12729.87,12729.87,4,2021-Apr,2021
2021-04-08,Google,India,Retail,130.57,115149.9,27128.45,88021.45,115149.9,27128.45,27128.45,4,2021-Apr,2021
2021-04-09,Google,UK,Finance,172.33,127410.72,13643.5,113767.22,127410.72,13643.5,13643.5,4,2021-Apr,2021
2021-04-10,Google,Germany,Finance,144.56,113904.06,7359.85,106544.21,113904.06,7359.85,7359.85,4,2021-Apr,2021
2021-04-11,Google,UK,Finance,130.52,105675.02,13207.51,92467.51,105675.02,13207.51,13207.51,4,2021-Apr,2021
2021-04-12,Amazon,Canada,Retail,189.64,80242.53,13527.06,66715.47,80242.53,13527.06,13527.06,4,2021-Apr,2021
2021-04-13,Apple,USA,Tech,192.59,83062.98,7642.21,75420.77,83062.98,7642.21,7642.21,4,2021-Apr,2021
2021-04-14,Tesla,Germany,Tech,131.99,124992.38,17336.36,107656.02,124992.38,17336.36,17336.36,4,2021-Apr,2021
2021-04-15,Google,Canada,Tech,94.0,115586.98,17337.56,98249.42,115586.98,17337.56,17337.56,4,2021-Apr,2021
2021-04-17,Google,Germany,Retail,129.46,91641.81,17945.92,73695.89,91641.81,17945.92,17945.92,4,2021-Apr,2021
2021-04-18,Microsoft,UK,Retail,173.72,59483.84,16125.23,43358.61,59483.84,16125.23,16125.23,4,2021-Apr,2021
2021-04-19,Amazon,Canada,Retail,90.9,78582.95,6910.25,71672.7,78582.95,6910.25,6910.25,4,2021-Apr,2021
2021-04-20,Microsoft,India,Retail,176.78,138228.38,27569.93,110658.45,138228.38,27569.93,27569.93,4,2021-Apr,2021
2021-04-21,Tesla,Canada,Tech,113.66,74390.89,16082.18,58308.71,74390.89,16082.18,16082.18,4,2021-Apr,2021
2021-04-22,Apple,UK,Retail,171.92,103789.6,16070.12,87719.48,103789.6,16070.12,16070.12,4,2021-Apr,2021
2021-04-23,Microsoft,UK,Retail,150.43,120148.88,27066.47,93082.41,120148.88,27066.47,27066.47,4,2021-Apr,2021
2021-04-24,Microsoft,India,Tech,121.38,74901.55,11436.18,63465.37,74901.55,11436.18,11436.18,4,2021-Apr,2021
2021-04-25,Apple,Canada,Retail,137.79,103694.21,18266.7,85427.51,103694.21,18266.7,18266.7,4,2021-Apr,2021
2021-04-26,Tesla,UK,Tech,170.59,118758.31,6156.22,112602.09,118758.31,6156.22,6156.22,4,2021-Apr,2021
2021-04-27,Google,Germany,Tech,153.18,100249.99,22348.73,77901.26,100249.99,22348.73,22348.73,4,2021-Apr,2021
2021-04-29,Apple,USA,Finance,209.29,66628.01,3971.04,62656.97,66628.01,3971.04,3971.04,4,2021-Apr,2021
2021-04-30,Amazon,USA,Finance,103.07,121174.57,17214.37,103960.2,121174.57,17214.37,17214.37,4,2021-Apr,2021
2021-05-01,Apple,Canada,Finance,198.52,96543.97,28457.1,68086.87,96543.97,28457.1,28457.1,5,2021-May,2021
2021-05-02,Amazon,India,Retail,153.13,115438.4,17914.21,97524.19,115438.4,17914.21,17914.21,5,2021-May,2021
2021-05-03,Tesla,UK,Finance,123.04,108826.14,19097.5,89728.64,108826.14,19097.5,19097.5,5,2021-May,2021
2021-05-05,Apple,Germany,Retail,144.33,104579.93,23981.8,80598.13,104579.93,23981.8,23981.8,5,2021-May,2021
2021-05-06,Microsoft,Canada,Finance,177.65,62841.97,12286.71,50555.26,62841.97,12286.71,12286.71,5,2021-May,2021
2021-05-07,Tesla,USA,Tech,146.17,112064.95,27954.73,84110.22,112064.95,27954.73,27954.73,5,2021-May,2021
2021-05-08,Apple,Canada,Retail,195.33,105963.17,28195.91,77767.26,105963.17,28195.91,28195.91,5,2021-May,2021
2021-05-09,Microsoft,India,Retail,106.46,112773.2,18519.84,94253.36,112773.2,18519.84,18519.84,5,2021-May,2021
2021-05-10,Apple,India,Finance,149.64,121162.37,20449.43,100712.94,121162.37,20449.43,20449.43,5,2021-May,2021
2021-05-11,Amazon,UK,Retail,112.43,107352.4,15728.49,91623.91,107352.4,15728.49,15728.49,5,2021-May,2021
2021-05-12,Apple,UK,Tech,160.91,102961.79,30031.54,72930.25,102961.79,30031.54,30031.54,5,2021-May,2021
2021-05-13,Apple,India,Retail,176.61,82378.63,18476.83,63901.8,82378.63,18476.83,18476.83,5,2021-May,2021
2021-05-14,Apple,India,Tech,137.38,85755.58,6071.99,79683.59,85755.58,6071.99,6071.99,5,2021-May,2021
2021-05-15,Tesla,India,Retail,71.87,123734.69,32881.24,90853.45,123734.69,32881.24,32881.24,5,2021-May,2021
2021-05-16,Apple,Canada,Finance,155.97,128726.71,21901.56,106825.15,128726.71,21901.56,21901.56,5,2021-May,2021
2021-05-17,Microsoft,India,Tech,163.1,95237.79,6398.88,88838.91,95237.79,6398.88,6398.88,5,2021-May,2021
2021-05-18,Amazon,Germany,Retail,162.13,100920.05,18915.38,82004.67,100920.05,18915.38,18915.38,5,2021-May,2021
2021-05-19,Amazon,USA,Retail,187.07,81907.71,12637.63,69270.08,81907.71,12637.63,12637.63,5,2021-May,2021
2021-05-20,Apple,India,Retail,117.87,123455.14,33263.43,90191.71,123455.14,33263.43,33263.43,5,2021-May,2021
2021-05-21,Tesla,USA,Tech,170.41,113308.34,11443.99,101864.35,113308.34,11443.99,11443.99,5,2021-May,2021
2021-05-22,Tesla,Canada,Tech,185.78,138824.35,35624.57,103199.78,138824.35,35624.57,35624.57,5,2021-May,2021
2021-05-23,Microsoft,USA,Tech,96.64,82433.54,15614.74,66818.8,82433.54,15614.74,15614.74,5,2021-May,2021
2021-05-24,Apple,Canada,Finance,159.59,92439.84,5884.03,86555.81,92439.84,5884.03,5884.03,5,2021-May,2021
2021-05-25,Amazon,Germany,Finance,134.87,104628.92,30652.23,73976.69,104628.92,30652.23,30652.23,5,2021-May,2021
2021-05-26,Tesla,Canada,Tech,147.55,112929.79,20118.87,92810.92,112929.79,20118.87,20118.87,5,2021-May,2021
2021-05-27,Apple,Canada,Retail,160.43,95686.65,11742.59,83944.06,95686.65,11742.59,11742.59,5,2021-May,2021
2021-05-28,Tesla,UK,Finance,135.38,82540.78,13813.34,68727.44,82540.78,13813.34,13813.34,5,2021-May,2021
2021-05-29,Tesla,India,Tech,129.73,117628.15,31108.46,86519.69,117628.15,31108.46,31108.46,5,2021-May,2021
2021-05-30,Amazon,India,Retail,151.02,114422.71,14443.1,99979.61,114422.71,14443.1,14443.1,5,2021-May,2021
2021-05-31,Google,Germany,Finance,117.38,81674.52,8017.91,73656.61,81674.52,8017.91,8017.91,5,2021-May,2021
2021-06-01,Microsoft,Germany,Retail,117.43,127108.86,10456.97,116651.89,127108.86,10456.97,10456.97,6,2021-Jun,2021
2021-06-02,Microsoft,India,Retail,170.38,123403.97,15359.46,108044.51,123403.97,15359.46,15359.46,6,2021-Jun,2021
2021-06-03,Amazon,UK,Retail,115.54,102685.93,25159.29,77526.64,102685.93,25159.29,25159.29,6,2021-Jun,2021
2021-06-04,Tesla,India,Retail,169.99,101591.96,17057.96,84534.0,101591.96,17057.96,17057.96,6,2021-Jun,2021
2021-06-05,Apple,UK,Finance,163.88,111081.16,11871.29,99209.87,111081.16,11871.29,11871.29,6,2021-Jun,2021
2021-06-06,Tesla,Germany,Finance,98.23,82765.94,7576.91,75189.03,82765.94,7576.91,7576.91,6,2021-Jun,2021
2021-06-07,Amazon,USA,Finance,129.67,100600.63,13398.23,87202.4,100600.63,13398.23,13398.23,6,2021-Jun,2021
2021-06-08,Microsoft,Germany,Tech,185.82,56952.33,16230.34,40721.99,56952.33,16230.34,16230.34,6,2021-Jun,2021
2021-06-09,Tesla,Germany,Finance,120.57,117529.11,15955.36,101573.75,117529.11,15955.36,15955.36,6,2021-Jun,2021
2021-06-10,Microsoft,Canada,Retail,136.07,68770.14,20426.86,48343.28,68770.14,20426.86,20426.86,6,2021-Jun,2021
2021-06-11,Apple,Canada,Finance,163.86,130068.4,22281.71,107786.69,130068.4,22281.71,22281.71,6,2021-Jun,2021
2021-06-12,Microsoft,Canada,Retail,173.5,93397.6,8853.25,84544.35,93397.6,8853.25,8853.25,6,2021-Jun,2021
2021-06-13,Microsoft,Canada,Tech,142.45,95766.66,26123.71,69642.95,95766.66,26123.71,26123.71,6,2021-Jun,2021
2021-06-14,Google,UK,Retail,132.07,87445.32,14436.25,73009.07,87445.32,14436.25,14436.25,6,2021-Jun,2021
2021-06-15,Google,India,Retail,192.67,94239.22,21431.68,72807.54,94239.22,21431.68,21431.68,6,2021-Jun,2021
2021-06-17,Microsoft,Germany,Tech,179.37,50243.83,3142.44,47101.39,50243.83,3142.44,3142.44,6,2021-Jun,2021
2021-06-18,Amazon,UK,Finance,152.56,125539.31,9311.71,116227.6,125539.31,9311.71,9311.71,6,2021-Jun,2021
2021-06-19,Microsoft,USA,Finance,125.75,106760.47,24567.1,82193.37,106760.47,24567.1,24567.1,6,2021-Jun,2021
2021-06-20,Amazon,UK,Tech,125.09,75859.57,9137.76,66721.81,75859.57,9137.76,9137.76,6,2021-Jun,2021
2021-06-21,Amazon,UK,Retail,165.68,78493.75,7541.31,70952.44,78493.75,7541.31,7541.31,6,2021-Jun,2021
2021-06-22,Google,Germany,Finance,162.55,133527.86,7990.37,125537.49,133527.86,7990.37,7990.37,6,2021-Jun,2021
2021-06-23,Tesla,India,Tech,192.05,81089.86,4497.38,76592.48,81089.86,4497.38,4497.38,6,2021-Jun,2021
2021-06-24,Apple,Canada,Finance,169.51,76932.99,18742.52,58190.47,76932.99,18742.52,18742.52,6,2021-Jun,2021
2021-06-25,Google,India,Tech,104.91,122746.29,10262.62,112483.67,122746.29,10262.62,10262.62,6,2021-Jun,2021
2021-06-26,Google,Germany,Retail,181.56,106771.06,17823.31,88947.75,106771.06,17823.31,17823.31,6,2021-Jun,2021
2021-06-27,Tesla,Germany,Finance,120.06,81241.49,16368.06,64873.43,81241.49,16368.06,16368.06,6,2021-Jun,2021
2021-06-28,Apple,Germany,Tech,138.48,104332.5,16389.38,87943.12,104332.5,16389.38,16389.38,6,2021-Jun,2021
2021-06-29,Microsoft,USA,Finance,157.51,79484.95,4512.89,74972.06,79484.95,4512.89,4512.89,6,2021-Jun,2021
2021-06-30,Microsoft,India,Finance,209.87,122016.43,30000.84,92015.59,122016.43,30000.84,30000.84,6,2021-Jun,2021
2021-07-01,Google,India,Finance,243.3,121227.42,6379.99,114847.43,121227.42,6379.99,6379.99,7,2021-Jul,2021
2021-07-03,Google,UK,Tech,144.5,107233.22,29309.64,77923.58,107233.22,29309.64,29309.64,7,2021-Jul,2021
2021-07-04,Amazon,UK,Retail,166.04,135223.76,21393.75,113830.01,135223.76,21393.75,21393.75,7,2021-Jul,2021
2021-07-05,Google,Germany,Tech,176.63,99993.73,18387.41,81606.32,99993.73,18387.41,18387.41,7,2021-Jul,2021
2021-07-06,Google,India,Tech,140.38,76362.52,12924.04,63438.48,76362.52,12924.04,12924.04,7,2021-Jul,2021
2021-07-07,Microsoft,Germany,Tech,203.86,108989.48,16054.39,92935.09,108989.48,16054.39,16054.39,7,2021-Jul,2021
2021-07-08,Microsoft,USA,Retail,156.9,141720.94,38527.71,103193.23,141720.94,38527.71,38527.71,7,2021-Jul,2021
2021-07-09,Microsoft,UK,Finance,164.93,79704.81,21797.94,57906.87,79704.81,21797.94,21797.94,7,2021-Jul,2021
2021-07-10,Amazon,Germany,Finance,169.98,92770.74,12427.02,80343.72,92770.74,12427.02,12427.02,7,2021-Jul,2021
2021-07-11,Microsoft,Germany,Finance,162.65,108328.92,22073.91,86255.01,108328.92,22073.91,22073.91,7,2021-Jul,2021
2021-07-12,Apple,USA,Retail,175.17,98921.9,27868.96,71052.94,98921.9,27868.96,27868.96,7,2021-Jul,2021
2021-07-13,Tesla,Canada,Finance,131.48,80353.93,23343.99,57009.94,80353.93,23343.99,23343.99,7,2021-Jul,2021
2021-07-14,Apple,India,Retail,133.25,122437.16,21700.73,100736.43,122437.16,21700.73,21700.73,7,2021-Jul,2021
2021-07-15,Apple,Canada,Finance,117.0,146400.81,23893.52,122507.29,146400.81,23893.52,23893.52,7,2021-Jul,2021
2021-07-16,Microsoft,UK,Finance,163.19,103922.63,12436.79,91485.84,103922.63,12436.79,12436.79,7,2021-Jul,2021
2021-07-17,Tesla,Germany,Tech,173.37,81918.63,23733.3,58185.33,81918.63,23733.3,23733.3,7,2021-Jul,2021
2021-07-18,Tesla,USA,Retail,163.73,69020.79,5915.33,63105.46,69020.79,5915.33,5915.33,7,2021-Jul,2021
2021-07-19,Tesla,USA,Tech,200.23,105159.52,20501.63,84657.89,105159.52,20501.63,20501.63,7,2021-Jul,2021
2021-07-20,Amazon,India,Tech,149.83,122077.55,14727.14,107350.41,122077.55,14727.14,14727.14,7,2021-Jul,2021
2021-07-21,Microsoft,Canada,Tech,170.06,109503.35,13113.25,96390.1,109503.35,13113.25,13113.25,7,2021-Jul,2021
2021-07-22,Tesla,India,Retail,117.25,99951.92,15116.94,84834.98,99951.92,15116.94,15116.94,7,2021-Jul,2021
2021-07-23,Amazon,Germany,Retail,138.39,88214.57,26437.75,61776.82,88214.57,26437.75,26437.75,7,2021-Jul,2021
2021-07-24,Google,India,Finance,170.87,78156.73,4981.83,73174.9,78156.73,4981.83,4981.83,7,2021-Jul,2021
2021-07-25,Google,USA,Tech,175.47,116695.03,22712.99,93982.04,116695.03,22712.99,22712.99,7,2021-Jul,2021
2021-07-27,Amazon,UK,Tech,147.85,69085.4,6123.05,62962.35,69085.4,6123.05,6123.05,7,2021-Jul,2021
2021-07-28,Microsoft,UK,Retail,104.46,131796.78,21073.08,110723.7,131796.78,21073.08,21073.08,7,2021-Jul,2021
2021-07-30,Google,Canada,Retail,176.71,127991.89,14680.43,113311.46,127991.89,14680.43,14680.43,7,2021-Jul,2021
2021-07-31,Tesla,India,Tech,167.26,73157.45,9445.67,63711.78,73157.45,9445.67,9445.67,7,2021-Jul,2021
2021-08-01,Google,Germany,Retail,165.02,72683.52,5214.44,67469.08,72683.52,5214.44,5214.44,8,2021-Aug,2021
2021-08-02,Tesla,UK,Tech,151.49,97020.61,12205.67,84814.94,97020.61,12205.67,12205.67,8,2021-Aug,2021
2021-08-03,Tesla,India,Finance,150.21,110055.69,32096.6,77959.09,110055.69,32096.6,32096.6,8,2021-Aug,2021
2021-08-04,Microsoft,UK,Tech,130.19,135927.22,38899.22,97028.0,135927.22,38899.22,38899.22,8,2021-Aug,2021
2021-08-05,Apple,India,Finance,170.96,114121.58,15260.29,98861.29,114121.58,15260.29,15260.29,8,2021-Aug,2021
2021-08-06,Apple,Canada,Tech,162.63,95146.37,18335.99,76810.38,95146.37,18335.99,18335.99,8,2021-Aug,2021
2021-08-08,Microsoft,India,Retail,134.22,124600.01,6422.63,118177.38,124600.01,6422.63,6422.63,8,2021-Aug,2021
2021-08-09,Tesla,USA,Finance,85.4,80705.89,20392.03,60313.86,80705.89,20392.03,20392.03,8,2021-Aug,2021
2021-08-10,Apple,USA,Retail,182.91,132569.37,38059.66,94509.71,132569.37,38059.66,38059.66,8,2021-Aug,2021
2021-08-11,Tesla,India,Retail,135.63,94312.31,6868.9,87443.41,94312.31,6868.9,6868.9,8,2021-Aug,2021
2021-08-12,Apple,India,Finance,124.12,131811.64,11910.75,119900.89,131811.64,11910.75,11910.75,8,2021-Aug,2021
2021-08-13,Apple,India,Tech,170.8,113578.63,32958.99,80619.64,113578.63,32958.99,32958.99,8,2021-Aug,2021
2021-08-15,Microsoft,USA,Tech,181.8,89612.07,4798.65,84813.42,89612.07,4798.65,4798.65,8,2021-Aug,2021
2021-08-16,Google,India,Tech,168.51,93181.84,10660.75,82521.09,93181.84,10660.75,10660.75,8,2021-Aug,2021
2021-08-17,Tesla,UK,Tech,170.51,108566.33,17640.5,90925.83,108566.33,17640.5,17640.5,8,2021-Aug,2021
2021-08-19,Microsoft,Canada,Tech,186.36,88123.77,20558.4,67565.37,88123.77,20558.4,20558.4,8,2021-Aug,2021
2021-08-20,Microsoft,Germany,Retail,157.84,96687.37,28895.54,67791.83,96687.37,28895.54,28895.54,8,2021-Aug,2021
2021-08-21,Microsoft,UK,Retail,138.92,101571.54,12379.32,89192.22,101571.54,12379.32,12379.32,8,2021-Aug,2021
2021-08-22,Microsoft,USA,Retail,154.3,57425.32,10598.13,46827.19,57425.32,10598.13,10598.13,8,2021-Aug,2021
2021-08-23,Amazon,UK,Finance,96.71,109163.36,20013.02,89150.34,109163.36,20013.02,20013.02,8,2021-Aug,2021
2021-08-24,Tesla,Canada,Finance,162.26,80405.58,12174.31,68231.27,80405.58,12174.31,12174.31,8,2021-Aug,2021
2021-08-26,Tesla,Germany,Finance,109.42,66253.11,19502.54,46750.57,66253.11,19502.54,19502.54,8,2021-Aug,2021
2021-08-27,Amazon,UK,Tech,104.33,64122.15,16885.24,47236.91,64122.15,16885.24,16885.24,8,2021-Aug,2021
2021-08-28,Amazon,USA,Tech,183.38,72891.05,12725.56,60165.49,72891.05,12725.56,12725.56,8,2021-Aug,2021
2021-08-29,Tesla,USA,Retail,131.12,85819.58,17233.55,68586.03,85819.58,17233.55,17233.55,8,2021-Aug,2021
2021-08-30,Apple,India,Tech,196.01,139065.18,14854.28,124210.9,139065.18,14854.28,14854.28,8,2021-Aug,2021
2021-08-31,Google,USA,Retail,133.93,89482.41,16638.96,72843.45,89482.41,16638.96,16638.96,8,2021-Aug,2021
2021-09-01,Apple,Germany,Retail,98.78,103555.0,23169.66,80385.34,103555.0,23169.66,23169.66,9,2021-Sep,2021
2021-09-02,Apple,Germany,Tech,116.5,108009.63,19311.23,88698.4,108009.63,19311.23,19311.23,9,2021-Sep,2021
2021-09-03,Apple,USA,Finance,187.07,102621.3,30537.15,72084.15,102621.3,30537.15,30537.15,9,2021-Sep,2021
2021-09-04,Microsoft,USA,Tech,145.32,98451.13,19969.38,78481.75,98451.13,19969.38,19969.38,9,2021-Sep,2021
2021-09-05,Amazon,India,Tech,133.55,76094.12,10861.94,65232.18,76094.12,10861.94,10861.94,9,2021-Sep,2021
2021-09-06,Apple,USA,Retail,154.8,129018.55,31356.41,97662.14,129018.55,31356.41,31356.41,9,2021-Sep,2021
2021-09-07,Amazon,India,Retail,165.05,136143.93,12609.06,123534.87,136143.93,12609.06,12609.06,9,2021-Sep,2021
2021-09-08,Tesla,India,Retail,183.52,66346.83,9695.19,56651.64,66346.83,9695.19,9695.19,9,2021-Sep,2021
2021-09-09,Google,USA,Retail,193.45,79519.43,10873.47,68645.96,79519.43,10873.47,10873.47,9,2021-Sep,2021
2021-09-11,Tesla,Canada,Finance,110.22,80709.24,19809.68,60899.56,80709.24,19809.68,19809.68,9,2021-Sep,2021
2021-09-12,Microsoft,India,Finance,137.6,110119.31,18835.17,91284.14,110119.31,18835.17,18835.17,9,2021-Sep,2021
2021-09-13,Google,USA,Retail,157.81,85434.56,21230.8,64203.76,85434.56,21230.8,21230.8,9,2021-Sep,2021
2021-09-14,Tesla,Canada,Retail,121.09,143301.12,27817.93,115483.19,143301.12,27817.93,27817.93,9,2021-Sep,2021
2021-09-15,Tesla,USA,Retail,121.29,123810.97,16778.54,107032.43,123810.97,16778.54,16778.54,9,2021-Sep,2021
2021-09-16,Google,USA,Finance,160.31,104251.48,26322.94,77928.54,104251.48,26322.94,26322.94,9,2021-Sep,2021
2021-09-17,Google,USA,Retail,148.54,120539.73,13207.83,107331.9,120539.73,13207.83,13207.83,9,2021-Sep,2021
2021-09-18,Tesla,UK,Tech,150.98,122118.01,12956.2,109161.81,122118.01,12956.2,12956.2,9,2021-Sep,2021
2021-09-19,Google,USA,Tech,127.25,88721.05,15626.06,73094.99,88721.05,15626.06,15626.06,9,2021-Sep,2021
2021-09-20,Tesla,UK,Retail,143.09,83675.66,9640.47,74035.19,83675.66,9640.47,9640.47,9,2021-Sep,2021
2021-09-21,Tesla,India,Tech,122.27,101562.86,5308.87,96253.99,101562.86,5308.87,5308.87,9,2021-Sep,2021
2021-09-23,Apple,Canada,Finance,181.06,102781.21,18271.77,84509.44,102781.21,18271.77,18271.77,9,2021-Sep,2021
2021-09-24,Tesla,Canada,Retail,94.61,68460.07,11048.05,57412.02,68460.07,11048.05,11048.05,9,2021-Sep,2021
2021-09-25,Amazon,Canada,Retail,122.11,83943.51,24489.86,59453.65,83943.51,24489.86,24489.86,9,2021-Sep,2021
2021-09-27,Apple,Canada,Tech,130.5,98486.69,26183.46,72303.23,98486.69,26183.46,26183.46,9,2021-Sep,2021
2021-09-28,Apple,Canada,Tech,147.5,139450.84,11834.16,127616.68,139450.84,11834.16,11834.16,9,2021-Sep,2021
2021-09-29,Microsoft,India,Retail,106.51,72280.24,13899.61,58380.63,72280.24,13899.61,13899.61,9,2021-Sep,2021
2021-09-30,Tesla,USA,Tech,122.34,110111.78,29399.28,80712.5,110111.78,29399.28,29399.28,9,2021-Sep,2021
2021-10-02,Tesla,UK,Finance,156.22,145428.99,33376.47,112052.52,145428.99,33376.47,33376.47,10,2021-Oct,2021
2021-10-03,Microsoft,Germany,Retail,152.08,91912.05,13144.42,78767.63,91912.05,13144.42,13144.42,10,2021-Oct,2021
2021-10-04,Microsoft,Germany,Finance,128.35,109828.59,8029.83,101798.76,109828.59,8029.83,8029.83,10,2021-Oct,2021
2021-10-05,Amazon,USA,Finance,155.3,111395.21,18321.74,93073.47,111395.21,18321.74,18321.74,10,2021-Oct,2021
2021-10-06,Microsoft,USA,Retail,133.6,103909.63,15443.03,88466.6,103909.63,15443.03,15443.03,10,2021-Oct,2021
2021-10-07,Google,USA,Finance,141.85,98023.1,26149.14,71873.96,98023.1,26149.14,26149.14,10,2021-Oct,2021
2021-10-08,Amazon,Canada,Finance,200.2,108719.51,12067.74,96651.77,108719.51,12067.74,12067.74,10,2021-Oct,2021
2021-10-09,Microsoft,India,Finance,190.21,49355.08,14396.07,34959.01,49355.08,14396.07,14396.07,10,2021-Oct,2021
2021-10-11,Google,India,Retail,174.89,102523.56,11473.2,91050.36,102523.56,11473.2,11473.2,10,2021-Oct,2021
2021-10-12,Google,India,Retail,174.34,95550.5,13091.66,82458.84,95550.5,13091.66,13091.66,10,2021-Oct,2021
2021-10-13,Google,Germany,Retail,115.55,140937.24,38601.15,102336.09,140937.24,38601.15,38601.15,10,2021-Oct,2021
2021-10-14,Amazon,Germany,Tech,174.56,86501.32,25228.59,61272.73,86501.32,25228.59,25228.59,10,2021-Oct,2021
2021-10-15,Microsoft,India,Tech,196.14,91938.48,14789.2,77149.28,91938.48,14789.2,14789.2,10,2021-Oct,2021
2021-10-16,Microsoft,India,Retail,116.32,139831.07,18212.89,121618.18,139831.07,18212.89,18212.89,10,2021-Oct,2021
2021-10-17,Apple,Canada,Tech,122.47,83358.77,15131.58,68227.19,83358.77,15131.58,15131.58,10,2021-Oct,2021
2021-10-18,Apple,Canada,Retail,180.53,88997.69,19752.35,69245.34,88997.69,19752.35,19752.35,10,2021-Oct,2021
2021-10-19,Google,Germany,Tech,158.14,97059.49,11488.8,85570.69,97059.49,11488.8,11488.8,10,2021-Oct,2021
2021-10-20,Apple,USA,Finance,166.54,116814.69,27348.46,89466.23,116814.69,27348.46,27348.46,10,2021-Oct,2021
2021-10-21,Amazon,India,Finance,160.22,104156.05,6552.91,97603.14,104156.05,6552.91,6552.91,10,2021-Oct,2021
2021-10-22,Microsoft,Canada,Retail,161.72,74147.49,4621.14,69526.35,74147.49,4621.14,4621.14,10,2021-Oct,2021
2021-10-23,Google,Germany,Tech,110.21,89356.63,13097.17,76259.46,89356.63,13097.17,13097.17,10,2021-Oct,2021
2021-10-24,Apple,Canada,Tech,181.42,87852.91,12156.06,75696.85,87852.91,12156.06,12156.06,10,2021-Oct,2021
2021-10-25,Amazon,India,Finance,185.09,98455.58,12691.74,85763.84,98455.58,12691.74,12691.74,10,2021-Oct,2021
2021-10-26,Amazon,India,Finance,143.12,108516.87,18746.83,89770.04,108516.87,18746.83,18746.83,10,2021-Oct,2021
2021-10-27,Apple,UK,Tech,148.7,108364.12,14107.21,94256.91,108364.12,14107.21,14107.21,10,2021-Oct,2021
2021-10-29,Apple,UK,Tech,165.43,121278.82,15446.97,105831.85,121278.82,15446.97,15446.97,10,2021-Oct,2021
2021-10-30,Google,Germany,Tech,167.16,105051.38,30856.33,74195.05,105051.38,30856.33,30856.33,10,2021-Oct,2021
2021-10-31,Apple,Canada,Tech,148.13,127690.64,19508.37,108182.27,127690.64,19508.37,19508.37,10,2021-Oct,2021
2021-11-01,Amazon,Germany,Tech,183.73,108883.97,17549.72,91334.25,108883.97,17549.72,17549.72,11,2021-Nov,2021
2021-11-02,Apple,India,Retail,139.98,122026.46,23689.76,98336.7,122026.46,23689.76,23689.76,11,2021-Nov,2021
2021-11-03,Microsoft,UK,Tech,166.94,109330.91,32343.93,76986.98,109330.91,32343.93,32343.93,11,2021-Nov,2021
2021-11-04,Tesla,UK,Finance,119.41,126924.52,14012.51,112912.01,126924.52,14012.51,14012.51,11,2021-Nov,2021
2021-11-05,Apple,UK,Retail,149.29,110445.01,24333.3,86111.71,110445.01,24333.3,24333.3,11,2021-Nov,2021
2021-11-06,Microsoft,Germany,Tech,144.77,98041.7,22451.17,75590.53,98041.7,22451.17,22451.17,11,2021-Nov,2021
2021-11-07,Microsoft,India,Finance,156.76,145448.69,29356.07,116092.62,145448.69,29356.07,29356.07,11,2021-Nov,2021
2021-11-08,Amazon,Canada,Retail,138.91,117780.74,8497.24,109283.5,117780.74,8497.24,8497.24,11,2021-Nov,2021
2021-11-09,Microsoft,Canada,Finance,146.06,111474.89,24437.31,87037.58,111474.89,24437.31,24437.31,11,2021-Nov,2021
2021-11-10,Microsoft,Germany,Tech,174.78,74473.91,4917.04,69556.87,74473.91,4917.04,4917.04,11,2021-Nov,2021
2021-11-11,Microsoft,UK,Tech,136.9,74233.85,14775.18,59458.67,74233.85,14775.18,14775.18,11,2021-Nov,2021
2021-11-12,Microsoft,USA,Tech,101.8,105854.31,24864.68,80989.63,105854.31,24864.68,24864.68,11,2021-Nov,2021
2021-11-13,Google,Germany,Tech,202.49,102910.42,10573.27,92337.15,102910.42,10573.27,10573.27,11,2021-Nov,2021
2021-11-14,Google,Germany,Retail,191.44,87717.55,22842.13,64875.42,87717.55,22842.13,22842.13,11,2021-Nov,2021
2021-11-15,Amazon,India,Retail,111.23,102819.65,5921.22,96898.43,102819.65,5921.22,5921.22,11,2021-Nov,2021
2021-11-16,Apple,Canada,Finance,170.69,131772.54,34386.47,97386.07,131772.54,34386.47,34386.47,11,2021-Nov,2021
2021-11-17,Microsoft,Germany,Tech,134.91,113908.05,18804.2,95103.85,113908.05,18804.2,18804.2,11,2021-Nov,2021
2021-11-19,Apple,UK,Retail,158.83,97769.82,8158.36,89611.46,97769.82,8158.36,8158.36,11,2021-Nov,2021
2021-11-20,Amazon,UK,Tech,142.97,83900.67,24190.81,59709.86,83900.67,24190.81,24190.81,11,2021-Nov,2021
2021-11-21,Microsoft,USA,Tech,126.49,92246.0,6288.08,85957.92,92246.0,6288.08,6288.08,11,2021-Nov,2021
2021-11-22,Microsoft,India,Retail,129.28,91727.69,9151.98,82575.71,91727.69,9151.98,9151.98,11,2021-Nov,2021
2021-11-23,Tesla,USA,Retail,122.51,90447.09,12387.23,78059.86,90447.09,12387.23,12387.23,11,2021-Nov,2021
2021-11-24,Apple,UK,Retail,125.05,74897.29,15358.34,59538.95,74897.29,15358.34,15358.34,11,2021-Nov,2021
2021-11-25,Apple,Canada,Retail,147.98,97446.91,18144.64,79302.27,97446.91,18144.64,18144.64,11,2021-Nov,2021
2021-11-26,Google,UK,Retail,128.53,88787.85,7228.3,81559.55,88787.85,7228.3,7228.3,11,2021-Nov,2021
2021-11-27,Tesla,India,Tech,170.46,41411.03,5070.04,36340.99,41411.03,5070.04,5070.04,11,2021-Nov,2021
2021-11-28,Google,UK,Retail,194.62,141059.44,15472.52,125586.92,141059.44,15472.52,15472.52,11,2021-Nov,2021
2021-11-29,Google,India,Tech,132.6,121775.39,12589.84,109185.55,121775.39,12589.84,12589.84,11,2021-Nov,2021
2021-11-30,Google,India,Tech,157.18,92473.99,14128.74,78345.25,92473.99,14128.74,14128.74,11,2021-Nov,2021
2021-12-01,Amazon,India,Retail,164.99,100376.38,22685.85,77690.53,100376.38,22685.85,22685.85,12,2021-Dec,2021
2021-12-02,Amazon,India,Retail,164.16,76566.91,7990.77,68576.14,76566.91,7990.77,7990.77,12,2021-Dec,2021
2021-12-03,Google,India,Tech,152.28,133914.46,18971.62,114942.84,133914.46,18971.62,18971.62,12,2021-Dec,2021
2021-12-04,Tesla,Canada,Retail,172.28,137945.77,20378.64,117567.13,137945.77,20378.64,20378.64,12,2021-Dec,2021
2021-12-05,Apple,USA,Retail,164.47,103133.87,30333.13,72800.74,103133.87,30333.13,30333.13,12,2021-Dec,2021
2021-12-06,Tesla,Germany,Retail,112.87,120470.61,34775.84,85694.77,120470.61,34775.84,34775.84,12,2021-Dec,2021
2021-12-07,Microsoft,USA,Finance,176.07,103505.74,25880.0,77625.74,103505.74,25880.0,25880.0,12,2021-Dec,2021
2021-12-08,Amazon,India,Tech,176.62,73265.49,8089.59,65175.9,73265.49,8089.59,8089.59,12,2021-Dec,2021
2021-12-09,Apple,Canada,Finance,127.1,91763.53,6149.01,85614.52,91763.53,6149.01,6149.01,12,2021-Dec,2021
2021-12-10,Apple,UK,Retail,151.14,102638.56,13263.57,89374.99,102638.56,13263.57,13263.57,12,2021-Dec,2021
2021-12-11,Microsoft,Canada,Finance,170.5,90909.05,10608.96,80300.09,90909.05,10608.96,10608.96,12,2021-Dec,2021
2021-12-12,Microsoft,India,Retail,143.72,95626.93,16876.38,78750.55,95626.93,16876.38,16876.38,12,2021-Dec,2021
2021-12-13,Google,Canada,Finance,182.19,98172.01,23996.38,74175.63,98172.01,23996.38,23996.38,12,2021-Dec,2021
2021-12-14,Amazon,Canada,Retail,220.92,98382.43,26030.1,72352.33,98382.43,26030.1,26030.1,12,2021-Dec,2021
2021-12-15,Amazon,India,Finance,126.42,101045.17,26394.62,74650.55,101045.17,26394.62,26394.62,12,2021-Dec,2021
2021-12-16,Tesla,Canada,Finance,108.57,78787.9,11023.92,67763.98,78787.9,11023.92,11023.92,12,2021-Dec,2021
2021-12-17,Google,Germany,Finance,159.11,85659.68,19000.05,66659.63,85659.68,19000.05,19000.05,12,2021-Dec,2021
2021-12-18,Google,Germany,Tech,171.65,74308.31,9526.96,64781.35,74308.31,9526.96,9526.96,12,2021-Dec,2021
2021-12-19,Google,Canada,Finance,143.07,119556.31,7798.23,111758.08,119556.31,7798.23,7798.23,12,2021-Dec,2021
2021-12-20,Google,UK,Tech,193.6,57887.06,13047.24,44839.82,57887.06,13047.24,13047.24,12,2021-Dec,2021
2021-12-21,Amazon,India,Retail,109.84,123071.81,6455.96,116615.85,123071.81,6455.96,6455.96,12,2021-Dec,2021
2021-12-22,Amazon,Germany,Finance,170.79,127726.99,19452.26,108274.73,127726.99,19452.26,19452.26,12,2021-Dec,2021
2021-12-23,Google,UK,Retail,131.82,93956.39,12434.64,81521.75,93956.39,12434.64,12434.64,12,2021-Dec,2021
2021-12-24,Tesla,Canada,Retail,201.58,47937.26,10706.52,37230.74,47937.26,10706.52,10706.52,12,2021-Dec,2021
2021-12-25,Apple,UK,Finance,209.78,92773.79,22410.56,70363.23,92773.79,22410.56,22410.56,12,2021-Dec,2021
2021-12-26,Apple,USA,Tech,127.0,98716.32,12440.59,86275.73,98716.32,12440.59,12440.59,12,2021-Dec,2021
2021-12-27,Tesla,Germany,Finance,133.51,79788.04,20178.93,59609.11,79788.04,20178.93,20178.93,12,2021-Dec,2021
2021-12-28,Google,Canada,Retail,175.79,89695.63,11075.54,78620.09,89695.63,11075.54,11075.54,12,2021-Dec,2021
2021-12-30,Apple,Canada,Finance,148.64,113298.54,26257.46,87041.08,113298.54,26257.46,26257.46,12,2021-Dec,2021
2021-12-31,Microsoft,India,Tech,150.76,81508.72,18195.2,63313.52,81508.72,18195.2,18195.2,12,2021-Dec,2021
2022-01-01,Microsoft,Canada,Tech,92.41,68048.02,20199.52,47848.5,68048.02,20199.52,20199.52,1,2022-Jan,2022
2022-01-02,Tesla,UK,Retail,149.58,93459.65,9933.85,83525.8,93459.65,9933.85,9933.85,1,2022-Jan,2022
2022-01-03,Google,UK,Retail,129.31,95730.86,20637.61,75093.25,95730.86,20637.61,20637.61,1,2022-Jan,2022
2022-01-04,Apple,UK,Tech,135.21,109923.98,22250.86,87673.12,109923.98,22250.86,22250.86,1,2022-Jan,2022
2022-01-05,Google,USA,Finance,193.31,89293.67,24892.81,64400.86,89293.67,24892.81,24892.81,1,2022-Jan,2022
2022-01-07,Tesla,UK,Tech,174.4,138703.08,33004.33,105698.75,138703.08,33004.33,33004.33,1,2022-Jan,2022
2022-01-08,Tesla,USA,Retail,141.63,116310.02,22339.33,93970.69,116310.02,22339.33,22339.33,1,2022-Jan,2022
2022-01-09,Microsoft,India,Finance,141.61,99038.23,11752.52,87285.71,99038.23,11752.52,11752.52,1,2022-Jan,2022
2022-01-10,Google,Canada,Tech,173.71,96336.99,16243.26,80093.73,96336.99,16243.26,16243.26,1,2022-Jan,2022
2022-01-11,Microsoft,USA,Retail,160.2,92866.54,12392.5,80474.04,92866.54,12392.5,12392.5,1,2022-Jan,2022
2022-01-12,Google,Germany,Finance,167.12,123612.82,24083.28,99529.54,123612.82,24083.28,24083.28,1,2022-Jan,2022
2022-01-13,Microsoft,USA,Retail,179.05,87453.73,23809.29,63644.44,87453.73,23809.29,23809.29,1,2022-Jan,2022
2022-01-14,Amazon,USA,Finance,140.06,100904.45,19406.57,81497.88,100904.45,19406.57,19406.57,1,2022-Jan,2022
2022-01-15,Amazon,India,Finance,131.63,101023.96,21005.97,80017.99,101023.96,21005.97,21005.97,1,2022-Jan,2022
2022-01-16,Amazon,Canada,Tech,117.45,89964.32,16165.42,73798.9,89964.32,16165.42,16165.42,1,2022-Jan,2022
2022-01-17,Amazon,Germany,Finance,125.24,72550.69,4555.56,67995.13,72550.69,4555.56,4555.56,1,2022-Jan,2022
2022-01-18,Apple,UK,Retail,238.47,106459.49,11520.48,94939.01,106459.49,11520.48,11520.48,1,2022-Jan,2022
2022-01-19,Amazon,UK,Finance,187.34,98779.92,17088.97,81690.95,98779.92,17088.97,17088.97,1,2022-Jan,2022
2022-01-20,Tesla,USA,Finance,109.47,110004.81,14032.08,95972.73,110004.81,14032.08,14032.08,1,2022-Jan,2022
2022-01-21,Tesla,India,Tech,110.33,89327.99,8525.54,80802.45,89327.99,8525.54,8525.54,1,2022-Jan,2022
2022-01-22,Apple,India,Finance,164.46,124416.43,21901.42,102515.01,124416.43,21901.42,21901.42,1,2022-Jan,2022
2022-01-23,Amazon,UK,Finance,166.42,82464.52,10778.31,71686.21,82464.52,10778.31,10778.31,1,2022-Jan,2022
2022-01-24,Amazon,Germany,Retail,166.47,134240.81,15374.19,118866.62,134240.81,15374.19,15374.19,1,2022-Jan,2022
2022-01-25,Amazon,Canada,Tech,142.35,65047.27,10797.61,54249.66,65047.27,10797.61,10797.61,1,2022-Jan,2022
2022-01-26,Microsoft,Germany,Tech,146.24,108695.4,9056.62,99638.78,108695.4,9056.62,9056.62,1,2022-Jan,2022
2022-01-27,Google,Canada,Tech,159.84,109508.61,30874.47,78634.14,109508.61,30874.47,30874.47,1,2022-Jan,2022
2022-01-28,Microsoft,UK,Finance,152.58,84088.86,22445.46,61643.4,84088.86,22445.46,22445.46,1,2022-Jan,2022
2022-01-30,Amazon,India,Finance,143.11,125590.37,9614.38,115975.99,125590.37,9614.38,9614.38,1,2022-Jan,2022
2022-01-31,Amazon,USA,Finance,124.46,55663.62,13580.22,42083.4,55663.62,13580.22,13580.22,1,2022-Jan,2022
2022-02-02,Microsoft,UK,Retail,239.56,50134.58,12129.62,38004.96,50134.58,12129.62,12129.62,2,2022-Feb,2022
2022-02-03,Google,India,Retail,161.02,80686.7,6333.22,74353.48,80686.7,6333.22,6333.22,2,2022-Feb,2022
2022-02-04,Tesla,Germany,Retail,140.59,132583.33,27972.03,104611.3,132583.33,27972.03,27972.03,2,2022-Feb,2022
2022-02-05,Google,India,Retail,177.65,88364.36,22849.36,65515.0,88364.36,22849.36,22849.36,2,2022-Feb,2022
2022-02-06,Microsoft,USA,Finance,164.48,76522.4,14871.24,61651.16,76522.4,14871.24,14871.24,2,2022-Feb,2022
2022-02-08,Apple,India,Tech,168.21,141358.13,23266.26,118091.87,141358.13,23266.26,23266.26,2,2022-Feb,2022
2022-02-09,Microsoft,India,Finance,211.7,63366.36,11543.88,51822.48,63366.36,11543.88,11543.88,2,2022-Feb,2022
2022-02-10,Apple,USA,Finance,116.07,78973.8,4627.41,74346.39,78973.8,4627.41,4627.41,2,2022-Feb,2022
2022-02-11,Tesla,Germany,Retail,164.21,129948.63,27255.52,102693.11,129948.63,27255.52,27255.52,2,2022-Feb,2022
2022-02-12,Google,UK,Finance,122.21,137154.05,9650.41,127503.64,137154.05,9650.41,9650.41,2,2022-Feb,2022
2022-02-13,Google,UK,Retail,166.67,97931.38,15546.96,82384.42,97931.38,15546.96,15546.96,2,2022-Feb,2022
2022-02-14,Apple,India,Tech,122.44,75218.95,9264.25,65954.7,75218.95,9264.25,9264.25,2,2022-Feb,2022
2022-02-16,Microsoft,USA,Finance,141.15,131888.85,10993.47,120895.38,131888.85,10993.47,10993.47,2,2022-Feb,2022
2022-02-17,Amazon,USA,Tech,179.27,113578.94,25317.98,88260.96,113578.94,25317.98,25317.98,2,2022-Feb,2022
2022-02-20,Apple,India,Retail,151.65,96792.8,7363.83,89428.97,96792.8,7363.83,7363.83,2,2022-Feb,2022
2022-02-21,Apple,Germany,Retail,128.71,106617.03,9209.46,97407.57,106617.03,9209.46,9209.46,2,2022-Feb,2022
2022-02-22,Amazon,UK,Retail,112.24,129020.03,34742.76,94277.27,129020.03,34742.76,34742.76,2,2022-Feb,2022
2022-02-23,Microsoft,India,Retail,143.49,117588.34,21406.64,96181.7,117588.34,21406.64,21406.64,2,2022-Feb,2022
2022-02-24,Apple,Canada,Finance,140.75,78452.48,13087.07,65365.41,78452.48,13087.07,13087.07,2,2022-Feb,2022
2022-02-25,Google,Canada,Tech,222.8,127529.93,9778.73,117751.2,127529.93,9778.73,9778.73,2,2022-Feb,2022
2022-02-26,Tesla,USA,Finance,162.99,106262.64,22569.02,83693.62,106262.64,22569.02,22569.02,2,2022-Feb,2022
2022-02-27,Apple,UK,Retail,108.67,113741.32,30368.92,83372.4,113741.32,30368.92,30368.92,2,2022-Feb,2022
2022-02-28,Apple,India,Finance,133.06,129330.82,33244.03,96086.79,129330.82,33244.03,33244.03,2,2022-Feb,2022
2022-03-01,Amazon,Canada,Tech,180.64,77768.4,16060.24,61708.16,77768.4,16060.24,16060.24,3,2022-Mar,2022
2022-03-02,Microsoft,UK,Finance,212.65,99283.49,6832.66,92450.83,99283.49,6832.66,6832.66,3,2022-Mar,2022
2022-03-04,Google,Germany,Finance,93.6,68642.81,4278.32,64364.49,68642.81,4278.32,4278.32,3,2022-Mar,2022
2022-03-05,Tesla,UK,Tech,206.13,106934.2,12230.04,94704.16,106934.2,12230.04,12230.04,3,2022-Mar,2022
2022-03-06,Google,UK,Tech,161.69,150231.13,12606.7,137624.43,150231.13,12606.7,12606.7,3,2022-Mar,2022
2022-03-07,Microsoft,Germany,Retail,123.95,63198.45,7268.58,55929.87,63198.45,7268.58,7268.58,3,2022-Mar,2022
2022-03-08,Google,UK,Tech,166.04,99354.39,14532.02,84822.37,99354.39,14532.02,14532.02,3,2022-Mar,2022
2022-03-09,Amazon,USA,Retail,70.93,112810.86,32235.22,80575.64,112810.86,32235.22,32235.22,3,2022-Mar,2022
2022-03-10,Amazon,USA,Retail,150.1,102461.56,20758.1,81703.46,102461.56,20758.1,20758.1,3,2022-Mar,2022
2022-03-11,Amazon,Germany,Retail,159.83,97737.44,25288.92,72448.52,97737.44,25288.92,25288.92,3,2022-Mar,2022
2022-03-13,Tesla,Canada,Finance,119.58,104655.73,8176.31,96479.42,104655.73,8176.31,8176.31,3,2022-Mar,2022
2022-03-14,Microsoft,India,Finance,152.57,84864.72,19856.66,65008.06,84864.72,19856.66,19856.66,3,2022-Mar,2022
2022-03-15,Google,UK,Finance,122.24,56201.57,6675.33,49526.24,56201.57,6675.33,6675.33,3,2022-Mar,2022
2022-03-16,Google,Canada,Tech,157.66,123891.84,25989.65,97902.19,123891.84,25989.65,25989.65,3,2022-Mar,2022
2022-03-17,Amazon,Germany,Tech,123.14,119167.72,16116.3,103051.42,119167.72,16116.3,16116.3,3,2022-Mar,2022
2022-03-18,Amazon,Germany,Finance,137.76,101033.22,30251.17,70782.05,101033.22,30251.17,30251.17,3,2022-Mar,2022
2022-03-19,Apple,Canada,Tech,120.13,104581.49,12119.73,92461.76,104581.49,12119.73,12119.73,3,2022-Mar,2022
2022-03-20,Microsoft,USA,Tech,169.53,121486.36,14551.95,106934.41,121486.36,14551.95,14551.95,3,2022-Mar,2022
2022-03-21,Tesla,Canada,Retail,175.75,104486.79,29535.08,74951.71,104486.79,29535.08,29535.08,3,2022-Mar,2022
2022-03-22,Google,UK,Retail,142.96,118080.35,6631.52,111448.83,118080.35,6631.52,6631.52,3,2022-Mar,2022
2022-03-23,Apple,USA,Retail,151.15,94050.36,21083.48,72966.88,94050.36,21083.48,21083.48,3,2022-Mar,2022
2022-03-24,Apple,Germany,Retail,106.54,126239.67,29203.22,97036.45,126239.67,29203.22,29203.22,3,2022-Mar,2022
2022-03-25,Google,Canada,Tech,141.01,106415.71,27571.74,78843.97,106415.71,27571.74,27571.74,3,2022-Mar,2022
2022-03-26,Tesla,India,Finance,148.49,103881.04,30500.49,73380.55,103881.04,30500.49,30500.49,3,2022-Mar,2022
2022-03-27,Apple,India,Tech,228.62,74598.78,21924.62,52674.16,74598.78,21924.62,21924.62,3,2022-Mar,2022
2022-03-28,Apple,UK,Tech,116.64,105739.12,7012.53,98726.59,105739.12,7012.53,7012.53,3,2022-Mar,2022
2022-03-29,Microsoft,India,Tech,193.93,83360.9,21295.36,62065.54,83360.9,21295.36,21295.36,3,2022-Mar,2022
2022-04-01,Tesla,India,Retail,202.76,78675.3,6458.26,72217.04,78675.3,6458.26,6458.26,4,2022-Apr,2022
2022-04-02,Google,Canada,Finance,161.16,142495.43,30286.95,112208.48,142495.43,30286.95,30286.95,4,2022-Apr,2022
2022-04-03,Amazon,UK,Tech,161.67,126626.78,37433.49,89193.29,126626.78,37433.49,37433.49,4,2022-Apr,2022
2022-04-04,Apple,USA,Finance,148.41,138407.35,38470.97,99936.38,138407.35,38470.97,38470.97,4,2022-Apr,2022
2022-04-05,Microsoft,UK,Retail,186.71,75542.1,12070.32,63471.78,75542.1,12070.32,12070.32,4,2022-Apr,2022
2022-04-06,Google,UK,Finance,182.89,101425.07,6084.18,95340.89,101425.07,6084.18,6084.18,4,2022-Apr,2022
2022-04-07,Tesla,Canada,Tech,131.23,74129.85,10420.68,63709.17,74129.85,10420.68,10420.68,4,2022-Apr,2022
2022-04-09,Apple,Canada,Retail,143.91,81637.46,18399.02,63238.44,81637.46,18399.02,18399.02,4,2022-Apr,2022
2022-04-10,Tesla,Germany,Retail,126.0,124791.68,20570.15,104221.53,124791.68,20570.15,20570.15,4,2022-Apr,2022
2022-04-11,Amazon,Canada,Finance,148.09,92075.41,5872.14,86203.27,92075.41,5872.14,5872.14,4,2022-Apr,2022
2022-04-12,Google,Canada,Retail,187.12,121367.59,19021.18,102346.41,121367.59,19021.18,19021.18,4,2022-Apr,2022
2022-04-13,Apple,Canada,Retail,136.28,112082.42,18746.48,93335.94,112082.42,18746.48,18746.48,4,2022-Apr,2022
2022-04-14,Microsoft,USA,Tech,148.72,146072.78,41212.81,104859.97,146072.78,41212.81,41212.81,4,2022-Apr,2022
2022-04-15,Tesla,Canada,Retail,151.74,70411.12,14805.45,55605.67,70411.12,14805.45,14805.45,4,2022-Apr,2022
2022-04-16,Google,USA,Retail,175.45,125184.66,16012.77,109171.89,125184.66,16012.77,16012.77,4,2022-Apr,2022
2022-04-17,Google,India,Tech,82.59,122928.82,22290.63,100638.19,122928.82,22290.63,22290.63,4,2022-Apr,2022
2022-04-18,Amazon,Germany,Tech,131.8,80532.42,5356.52,75175.9,80532.42,5356.52,5356.52,4,2022-Apr,2022
2022-04-19,Amazon,USA,Finance,156.34,120142.67,35218.87,84923.8,120142.67,35218.87,35218.87,4,2022-Apr,2022
2022-04-20,Microsoft,India,Retail,186.0,106722.9,14942.8,91780.1,106722.9,14942.8,14942.8,4,2022-Apr,2022
2022-04-21,Microsoft,USA,Tech,135.24,95450.47,16175.69,79274.78,95450.47,16175.69,16175.69,4,2022-Apr,2022
2022-04-22,Apple,USA,Finance,93.7,83521.29,11594.51,71926.78,83521.29,11594.51,11594.51,4,2022-Apr,2022
2022-04-23,Apple,Germany,Finance,168.59,85617.81,18889.68,66728.13,85617.81,18889.68,18889.68,4,2022-Apr,2022
2022-04-24,Microsoft,UK,Retail,130.94,140996.24,30392.87,110603.37,140996.24,30392.87,30392.87,4,2022-Apr,2022
2022-04-25,Microsoft,UK,Retail,114.31,100013.66,22886.18,77127.48,100013.66,22886.18,22886.18,4,2022-Apr,2022
2022-04-26,Tesla,USA,Finance,131.27,115642.6,13534.33,102108.27,115642.6,13534.33,13534.33,4,2022-Apr,2022
2022-04-27,Amazon,Canada,Tech,144.46,84182.01,10852.5,73329.51,84182.01,10852.5,10852.5,4,2022-Apr,2022
2022-04-28,Apple,India,Finance,131.86,84402.94,6863.04,77539.9,84402.94,6863.04,6863.04,4,2022-Apr,2022
2022-04-29,Amazon,Canada,Retail,83.83,121639.7,26015.99,95623.71,121639.7,26015.99,26015.99,4,2022-Apr,2022
2022-04-30,Amazon,Canada,Tech,176.91,73008.48,4376.81,68631.67,73008.48,4376.81,4376.81,4,2022-Apr,2022
2022-05-01,Microsoft,USA,Tech,188.25,91695.72,18286.01,73409.71,91695.72,18286.01,18286.01,5,2022-May,2022
2022-05-02,Tesla,USA,Finance,169.55,100680.55,26924.39,73756.16,100680.55,26924.39,26924.39,5,2022-May,2022
2022-05-03,Google,USA,Retail,115.87,102227.45,27878.25,74349.2,102227.45,27878.25,27878.25,5,2022-May,2022
2022-05-04,Tesla,USA,Finance,143.96,96418.13,15644.75,80773.38,96418.13,15644.75,15644.75,5,2022-May,2022
2022-05-05,Tesla,UK,Finance,149.8,107916.4,17787.42,90128.98,107916.4,17787.42,17787.42,5,2022-May,2022
2022-05-06,Amazon,USA,Finance,167.96,113857.12,7883.73,105973.39,113857.12,7883.73,7883.73,5,2022-May,2022
2022-05-07,Tesla,UK,Tech,170.05,114692.75,24967.61,89725.14,114692.75,24967.61,24967.61,5,2022-May,2022
2022-05-08,Apple,UK,Tech,127.97,80283.92,20497.68,59786.24,80283.92,20497.68,20497.68,5,2022-May,2022
2022-05-09,Amazon,USA,Retail,152.46,94316.9,10484.62,83832.28,94316.9,10484.62,10484.62,5,2022-May,2022
2022-05-10,Apple,Germany,Retail,163.72,123895.26,19244.06,104651.2,123895.26,19244.06,19244.06,5,2022-May,2022
2022-05-11,Google,India,Finance,193.67,117892.94,30617.96,87274.98,117892.94,30617.96,30617.96,5,2022-May,2022
2022-05-12,Amazon,Canada,Finance,171.14,72542.81,19534.34,53008.47,72542.81,19534.34,19534.34,5,2022-May,2022
2022-05-13,Google,UK,Finance,173.67,107029.6,11858.34,95171.26,107029.6,11858.34,11858.34,5,2022-May,2022
2022-05-14,Amazon,India,Retail,152.51,60435.5,11340.28,49095.22,60435.5,11340.28,11340.28,5,2022-May,2022
2022-05-15,Microsoft,Germany,Tech,192.31,100938.7,9904.44,91034.26,100938.7,9904.44,9904.44,5,2022-May,2022
2022-05-16,Tesla,Canada,Tech,162.29,137955.34,10411.45,127543.89,137955.34,10411.45,10411.45,5,2022-May,2022
2022-05-17,Microsoft,Canada,Finance,124.17,81042.15,22511.9,58530.25,81042.15,22511.9,22511.9,5,2022-May,2022
2022-05-18,Google,UK,Finance,192.1,83313.54,21255.52,62058.02,83313.54,21255.52,21255.52,5,2022-May,2022
2022-05-19,Tesla,USA,Finance,170.94,115280.6,27668.35,87612.25,115280.6,27668.35,27668.35,5,2022-May,2022
2022-05-20,Amazon,Germany,Finance,136.71,69143.97,4300.17,64843.8,69143.97,4300.17,4300.17,5,2022-May,2022
2022-05-21,Tesla,UK,Retail,135.62,87344.9,22791.1,64553.8,87344.9,22791.1,22791.1,5,2022-May,2022
2022-05-22,Apple,Germany,Tech,158.9,111928.82,17853.88,94074.94,111928.82,17853.88,17853.88,5,2022-May,2022
2022-05-23,Tesla,USA,Finance,163.9,87314.28,11839.71,75474.57,87314.28,11839.71,11839.71,5,2022-May,2022
2022-05-24,Apple,USA,Retail,155.92,95280.6,17781.18,77499.42,95280.6,17781.18,17781.18,5,2022-May,2022
2022-05-25,Tesla,UK,Finance,159.34,114883.71,8367.94,106515.77,114883.71,8367.94,8367.94,5,2022-May,2022
2022-05-26,Apple,USA,Finance,201.0,108430.92,25932.52,82498.4,108430.92,25932.52,25932.52,5,2022-May,2022
2022-05-27,Google,India,Tech,182.15,105336.37,20604.72,84731.65,105336.37,20604.72,20604.72,5,2022-May,2022
2022-05-28,Microsoft,Canada,Finance,155.72,93217.55,9009.25,84208.3,93217.55,9009.25,9009.25,5,2022-May,2022
2022-05-29,Amazon,UK,Tech,178.24,107401.22,10424.15,96977.07,107401.22,10424.15,10424.15,5,2022-May,2022
2022-05-30,Tesla,Germany,Tech,119.02,97525.35,9368.5,88156.85,97525.35,9368.5,9368.5,5,2022-May,2022
2022-05-31,Microsoft,India,Tech,161.94,109156.11,7013.35,102142.76,109156.11,7013.35,7013.35,5,2022-May,2022
2022-06-01,Amazon,UK,Retail,204.28,90061.36,17737.55,72323.81,90061.36,17737.55,17737.55,6,2022-Jun,2022
2022-06-02,Amazon,USA,Retail,143.46,96348.62,25059.03,71289.59,96348.62,25059.03,25059.03,6,2022-Jun,2022
2022-06-03,Apple,USA,Tech,124.57,80200.84,4360.88,75839.96,80200.84,4360.88,4360.88,6,2022-Jun,2022
2022-06-04,Google,USA,Finance,130.44,99299.85,6181.53,93118.32,99299.85,6181.53,6181.53,6,2022-Jun,2022
2022-06-05,Google,USA,Tech,117.31,83779.98,16185.67,67594.31,83779.98,16185.67,16185.67,6,2022-Jun,2022
2022-06-06,Microsoft,Germany,Finance,126.46,77719.07,19808.56,57910.51,77719.07,19808.56,19808.56,6,2022-Jun,2022
2022-06-07,Google,India,Tech,138.88,105173.22,13849.71,91323.51,105173.22,13849.71,13849.71,6,2022-Jun,2022
2022-06-08,Tesla,Canada,Finance,107.83,104254.8,14324.98,89929.82,104254.8,14324.98,14324.98,6,2022-Jun,2022
2022-06-09,Google,Germany,Retail,150.47,115657.47,23025.86,92631.61,115657.47,23025.86,23025.86,6,2022-Jun,2022
2022-06-10,Microsoft,Germany,Finance,177.07,91377.49,10833.1,80544.39,91377.49,10833.1,10833.1,6,2022-Jun,2022
2022-06-11,Google,Canada,Tech,122.77,108161.06,6127.55,102033.51,108161.06,6127.55,6127.55,6,2022-Jun,2022
2022-06-12,Tesla,Canada,Retail,195.58,111015.95,25956.32,85059.63,111015.95,25956.32,25956.32,6,2022-Jun,2022
2022-06-13,Apple,USA,Finance,165.32,108895.48,22477.39,86418.09,108895.48,22477.39,22477.39,6,2022-Jun,2022
2022-06-14,Microsoft,Germany,Finance,180.92,83486.93,16295.73,67191.2,83486.93,16295.73,16295.73,6,2022-Jun,2022
2022-06-15,Apple,UK,Finance,130.26,102987.27,24245.37,78741.9,102987.27,24245.37,24245.37,6,2022-Jun,2022
2022-06-16,Apple,Canada,Finance,175.64,107282.81,23474.31,83808.5,107282.81,23474.31,23474.31,6,2022-Jun,2022
2022-06-17,Apple,Canada,Finance,117.24,100143.57,10161.62,89981.95,100143.57,10161.62,10161.62,6,2022-Jun,2022
2022-06-18,Amazon,India,Retail,176.71,58270.45,8048.33,50222.12,58270.45,8048.33,8048.33,6,2022-Jun,2022
2022-06-19,Amazon,UK,Retail,155.16,103209.79,8414.44,94795.35,103209.79,8414.44,8414.44,6,2022-Jun,2022
2022-06-20,Apple,UK,Retail,166.6,144250.62,11895.52,132355.1,144250.62,11895.52,11895.52,6,2022-Jun,2022
2022-06-21,Microsoft,Canada,Retail,114.73,92799.21,20327.57,72471.64,92799.21,20327.57,20327.57,6,2022-Jun,2022
2022-06-22,Tesla,USA,Tech,123.15,85438.46,22611.29,62827.17,85438.46,22611.29,22611.29,6,2022-Jun,2022
2022-06-23,Tesla,India,Retail,167.92,107466.97,31238.84,76228.13,107466.97,31238.84,31238.84,6,2022-Jun,2022
2022-06-24,Google,UK,Finance,121.55,106247.56,22002.47,84245.09,106247.56,22002.47,22002.47,6,2022-Jun,2022
2022-06-25,Microsoft,Canada,Finance,163.9,123854.7,11893.19,111961.51,123854.7,11893.19,11893.19,6,2022-Jun,2022
2022-06-26,Amazon,UK,Retail,108.99,74842.64,5718.92,69123.72,74842.64,5718.92,5718.92,6,2022-Jun,2022
2022-06-27,Apple,India,Finance,175.45,114627.61,29025.17,85602.44,114627.61,29025.17,29025.17,6,2022-Jun,2022
2022-06-28,Google,India,Retail,113.02,111808.44,21767.89,90040.55,111808.44,21767.89,21767.89,6,2022-Jun,2022
2022-06-29,Tesla,Germany,Finance,166.57,97157.07,19875.54,77281.53,97157.07,19875.54,19875.54,6,2022-Jun,2022
2022-06-30,Amazon,Canada,Tech,168.77,106773.75,26198.6,80575.15,106773.75,26198.6,26198.6,6,2022-Jun,2022
2022-07-01,Amazon,India,Tech,129.1,120589.15,27231.36,93357.79,120589.15,27231.36,27231.36,7,2022-Jul,2022
2022-07-02,Apple,Germany,Retail,167.46,117446.31,30373.33,87072.98,117446.31,30373.33,30373.33,7,2022-Jul,2022
2022-07-03,Tesla,Germany,Retail,157.81,77139.61,4941.06,72198.55,77139.61,4941.06,4941.06,7,2022-Jul,2022
2022-07-04,Microsoft,UK,Retail,133.83,116403.16,27573.6,88829.56,116403.16,27573.6,27573.6,7,2022-Jul,2022
2022-07-05,Amazon,UK,Finance,119.74,98706.23,25931.43,72774.8,98706.23,25931.43,25931.43,7,2022-Jul,2022
2022-07-06,Apple,Germany,Retail,91.12,101457.48,12330.51,89126.97,101457.48,12330.51,12330.51,7,2022-Jul,2022
2022-07-08,Tesla,India,Finance,103.06,96995.14,12467.81,84527.33,96995.14,12467.81,12467.81,7,2022-Jul,2022
2022-07-09,Amazon,USA,Retail,152.86,123834.15,35849.09,87985.06,123834.15,35849.09,35849.09,7,2022-Jul,2022
2022-07-11,Microsoft,Germany,Finance,170.37,77609.08,15129.75,62479.33,77609.08,15129.75,15129.75,7,2022-Jul,2022
2022-07-12,Microsoft,Germany,Retail,140.94,92129.4,8441.44,83687.96,92129.4,8441.44,8441.44,7,2022-Jul,2022
2022-07-13,Amazon,India,Finance,140.12,103573.89,23620.55,79953.34,103573.89,23620.55,23620.55,7,2022-Jul,2022
2022-07-14,Amazon,UK,Tech,171.96,124584.3,11707.51,112876.79,124584.3,11707.51,11707.51,7,2022-Jul,2022
2022-07-15,Google,UK,Tech,160.05,112061.89,12197.47,99864.42,112061.89,12197.47,12197.47,7,2022-Jul,2022
2022-07-16,Tesla,Germany,Finance,159.48,82989.29,14406.34,68582.95,82989.29,14406.34,14406.34,7,2022-Jul,2022
2022-07-17,Apple,Canada,Retail,164.08,149703.8,41723.76,107980.04,149703.8,41723.76,41723.76,7,2022-Jul,2022
2022-07-18,Microsoft,UK,Finance,103.93,105295.51,10837.92,94457.59,105295.51,10837.92,10837.92,7,2022-Jul,2022
2022-07-19,Google,India,Tech,172.7,125507.81,10801.2,114706.61,125507.81,10801.2,10801.2,7,2022-Jul,2022
2022-07-20,Apple,UK,Finance,168.37,96965.71,23246.97,73718.74,96965.71,23246.97,23246.97,7,2022-Jul,2022
2022-07-21,Google,India,Finance,119.5,110667.18,19383.9,91283.28,110667.18,19383.9,19383.9,7,2022-Jul,2022
2022-07-22,Amazon,Germany,Tech,142.68,116789.37,32461.17,84328.2,116789.37,32461.17,32461.17,7,2022-Jul,2022
2022-07-23,Microsoft,UK,Finance,148.82,124363.89,10776.58,113587.31,124363.89,10776.58,10776.58,7,2022-Jul,2022
2022-07-24,Apple,India,Finance,145.97,121147.37,25620.48,95526.89,121147.37,25620.48,25620.48,7,2022-Jul,2022
2022-07-25,Apple,Germany,Retail,160.02,117443.94,12709.76,104734.18,117443.94,12709.76,12709.76,7,2022-Jul,2022
2022-07-27,Apple,India,Tech,182.45,88565.08,19560.25,69004.83,88565.08,19560.25,19560.25,7,2022-Jul,2022
2022-07-28,Apple,Canada,Tech,110.63,106652.15,21162.04,85490.11,106652.15,21162.04,21162.04,7,2022-Jul,2022
2022-07-29,Google,Canada,Tech,168.66,118662.56,28325.57,90336.99,118662.56,28325.57,28325.57,7,2022-Jul,2022
2022-07-30,Microsoft,USA,Retail,189.87,95545.59,12169.23,83376.36,95545.59,12169.23,12169.23,7,2022-Jul,2022
2022-07-31,Amazon,UK,Tech,161.6,121303.44,19650.3,101653.14,121303.44,19650.3,19650.3,7,2022-Jul,2022
2022-08-01,Amazon,India,Tech,182.73,129052.33,19534.38,109517.95,129052.33,19534.38,19534.38,8,2022-Aug,2022
2022-08-02,Amazon,Canada,Tech,210.37,81673.58,24177.21,57496.37,81673.58,24177.21,24177.21,8,2022-Aug,2022
2022-08-03,Amazon,USA,Retail,180.71,83261.59,10246.36,73015.23,83261.59,10246.36,10246.36,8,2022-Aug,2022
2022-08-04,Google,Germany,Finance,157.48,97192.5,12023.13,85169.37,97192.5,12023.13,12023.13,8,2022-Aug,2022
2022-08-05,Tesla,India,Tech,181.35,106152.25,14716.64,91435.61,106152.25,14716.64,14716.64,8,2022-Aug,2022
2022-08-06,Microsoft,Canada,Finance,154.35,89508.66,17109.45,72399.21,89508.66,17109.45,17109.45,8,2022-Aug,2022
2022-08-07,Apple,UK,Tech,150.72,127044.05,14366.23,112677.82,127044.05,14366.23,14366.23,8,2022-Aug,2022
2022-08-09,Amazon,Canada,Retail,196.9,100788.94,11733.99,89054.95,100788.94,11733.99,11733.99,8,2022-Aug,2022
2022-08-10,Tesla,UK,Retail,125.45,71281.81,19527.93,51753.88,71281.81,19527.93,19527.93,8,2022-Aug,2022
2022-08-12,Apple,India,Finance,165.0,105620.19,22617.58,83002.61,105620.19,22617.58,22617.58,8,2022-Aug,2022
2022-08-13,Apple,India,Retail,108.02,57348.09,15870.88,41477.21,57348.09,15870.88,15870.88,8,2022-Aug,2022
2022-08-15,Microsoft,USA,Tech,87.0,96836.92,28284.3,68552.62,96836.92,28284.3,28284.3,8,2022-Aug,2022
2022-08-16,Amazon,India,Retail,168.77,164861.86,26908.89,137952.97,164861.86,26908.89,26908.89,8,2022-Aug,2022
2022-08-17,Apple,UK,Retail,176.56,146158.33,41863.95,104294.38,146158.33,41863.95,41863.95,8,2022-Aug,2022
2022-08-19,Google,Germany,Finance,153.71,97873.26,12272.99,85600.27,97873.26,12272.99,12272.99,8,2022-Aug,2022
2022-08-20,Google,UK,Finance,208.62,119911.63,11640.5,108271.13,119911.63,11640.5,11640.5,8,2022-Aug,2022
2022-08-21,Microsoft,UK,Finance,134.83,134063.45,16883.11,117180.34,134063.45,16883.11,16883.11,8,2022-Aug,2022
2022-08-22,Amazon,India,Tech,118.23,67239.42,4925.58,62313.84,67239.42,4925.58,4925.58,8,2022-Aug,2022
2022-08-23,Google,USA,Retail,194.45,64272.49,5525.31,58747.18,64272.49,5525.31,5525.31,8,2022-Aug,2022
2022-08-25,Microsoft,USA,Retail,150.11,111654.75,17388.65,94266.1,111654.75,17388.65,17388.65,8,2022-Aug,2022
2022-08-26,Tesla,Canada,Finance,180.34,109937.47,27362.84,82574.63,109937.47,27362.84,27362.84,8,2022-Aug,2022
2022-08-27,Microsoft,Canada,Finance,190.24,121395.43,10360.6,111034.83,121395.43,10360.6,10360.6,8,2022-Aug,2022
2022-08-28,Tesla,USA,Retail,127.73,76006.05,6276.59,69729.46,76006.05,6276.59,6276.59,8,2022-Aug,2022
2022-08-29,Microsoft,UK,Retail,135.44,53677.12,11318.21,42358.91,53677.12,11318.21,11318.21,8,2022-Aug,2022
2022-08-30,Microsoft,Canada,Tech,186.93,117160.28,11633.52,105526.76,117160.28,11633.52,11633.52,8,2022-Aug,2022
2022-08-31,Microsoft,USA,Finance,200.55,83436.07,6207.85,77228.22,83436.07,6207.85,6207.85,8,2022-Aug,2022
2022-09-01,Tesla,Canada,Tech,166.89,59630.24,5468.82,54161.42,59630.24,5468.82,5468.82,9,2022-Sep,2022
2022-09-02,Tesla,Germany,Tech,123.61,102901.27,28908.35,73992.92,102901.27,28908.35,28908.35,9,2022-Sep,2022
2022-09-03,Microsoft,UK,Tech,209.61,115863.51,29587.81,86275.7,115863.51,29587.81,29587.81,9,2022-Sep,2022
2022-09-04,Google,India,Finance,134.07,97558.86,13513.48,84045.38,97558.86,13513.48,13513.48,9,2022-Sep,2022
2022-09-05,Amazon,Canada,Tech,139.95,90843.03,19436.34,71406.69,90843.03,19436.34,19436.34,9,2022-Sep,2022
2022-09-06,Amazon,Germany,Tech,160.27,96812.76,17844.42,78968.34,96812.76,17844.42,17844.42,9,2022-Sep,2022
2022-09-07,Amazon,India,Tech,196.62,92588.34,20302.87,72285.47,92588.34,20302.87,20302.87,9,2022-Sep,2022
2022-09-08,Tesla,India,Tech,175.62,73039.06,16117.37,56921.69,73039.06,16117.37,16117.37,9,2022-Sep,2022
2022-09-09,Tesla,Canada,Tech,162.45,85706.39,17756.95,67949.44,85706.39,17756.95,17756.95,9,2022-Sep,2022
2022-09-10,Google,USA,Tech,163.9,110425.6,12867.38,97558.22,110425.6,12867.38,12867.38,9,2022-Sep,2022
2022-09-11,Amazon,Canada,Finance,151.31,106433.57,6359.58,100073.99,106433.57,6359.58,6359.58,9,2022-Sep,2022
2022-09-12,Amazon,Germany,Tech,166.74,103361.2,16940.04,86421.16,103361.2,16940.04,16940.04,9,2022-Sep,2022
2022-09-13,Microsoft,India,Retail,74.11,80097.03,21845.94,58251.09,80097.03,21845.94,21845.94,9,2022-Sep,2022
2022-09-14,Tesla,Canada,Tech,141.1,96369.94,18539.1,77830.84,96369.94,18539.1,18539.1,9,2022-Sep,2022
2022-09-15,Amazon,USA,Tech,157.24,56458.7,14571.86,41886.84,56458.7,14571.86,14571.86,9,2022-Sep,2022
2022-09-16,Google,Canada,Finance,115.47,103569.53,30853.99,72715.54,103569.53,30853.99,30853.99,9,2022-Sep,2022
2022-09-17,Google,UK,Finance,161.59,128577.15,11688.18,116888.97,128577.15,11688.18,11688.18,9,2022-Sep,2022
2022-09-18,Amazon,USA,Retail,143.87,70517.36,15721.45,54795.91,70517.36,15721.45,15721.45,9,2022-Sep,2022
2022-09-19,Tesla,Germany,Retail,202.66,88281.45,19295.98,68985.47,88281.45,19295.98,19295.98,9,2022-Sep,2022
2022-09-20,Google,India,Finance,197.19,106582.14,31440.54,75141.6,106582.14,31440.54,31440.54,9,2022-Sep,2022
2022-09-21,Microsoft,Canada,Finance,136.03,125056.85,37066.87,87989.98,125056.85,37066.87,37066.87,9,2022-Sep,2022
2022-09-22,Google,USA,Tech,145.47,91035.51,20179.81,70855.7,91035.51,20179.81,20179.81,9,2022-Sep,2022
2022-09-23,Apple,UK,Finance,147.78,86154.99,9554.91,76600.08,86154.99,9554.91,9554.91,9,2022-Sep,2022
2022-09-24,Apple,USA,Retail,136.45,60621.54,15133.5,45488.04,60621.54,15133.5,15133.5,9,2022-Sep,2022
2022-09-25,Tesla,UK,Tech,155.85,102068.76,7834.52,94234.24,102068.76,7834.52,7834.52,9,2022-Sep,2022
2022-09-26,Amazon,Germany,Retail,127.25,140841.52,34530.8,106310.72,140841.52,34530.8,34530.8,9,2022-Sep,2022
